{
    "63164": {
        "name": "Ogie Ogilthorpe",
        "owner": "marcram",
        "wins": 15,
        "losses": 4,
        "PF": 4330.4,
        "playoff_odds": 100.0,
        "seeds": [
            100.0,
            0.0,
            0.0,
            0.0,
            0.0,
            0.0,
            0.0,
            0.0,
            0.0,
            0.0,
            0.0,
            0.0,
            0.0,
            0.0
        ],
        "records": {
            "2-0": {
                "made_playoffs": 25115,
                "total": 25115,
                "odds": 100.0
            },
            "1-1": {
                "made_playoffs": 49890,
                "total": 49890,
                "odds": 100.0
            },
            "0-2": {
                "made_playoffs": 24995,
                "total": 24995,
                "odds": 100.0
            }
        },
        "current_week": {
            "win": {
                "make_playoffs": 50128,
                "total": 50128,
                "odds": 100.0
            },
            "loss": {
                "make_playoffs": 49872,
                "total": 49872,
                "odds": 100.0
            }
        },
        "PF_avg": 227.91578947368419
    },
    "63428": {
        "name": "#1 Cop on the Force",
        "owner": "benzene96",
        "wins": 12,
        "losses": 7,
        "PF": 3993.65,
        "playoff_odds": 100.0,
        "seeds": [
            0.0,
            50.16,
            21.55,
            13.07,
            10.93,
            4.29,
            0.0,
            0.0,
            0.0,
            0.0,
            0.0,
            0.0,
            0.0,
            0.0
        ],
        "records": {
            "2-0": {
                "made_playoffs": 25086,
                "total": 25086,
                "odds": 100.0
            },
            "1-1": {
                "made_playoffs": 49932,
                "total": 49932,
                "odds": 100.0
            },
            "0-2": {
                "made_playoffs": 24981,
                "total": 24982,
                "odds": 100.0
            }
        },
        "current_week": {
            "win": {
                "make_playoffs": 50107,
                "total": 50107,
                "odds": 100.0
            },
            "loss": {
                "make_playoffs": 49892,
                "total": 49893,
                "odds": 100.0
            }
        },
        "PF_avg": 210.1921052631579
    },
    "63206": {
        "name": "Pimpin' Ain't Parise",
        "owner": "Woppa",
        "wins": 11,
        "losses": 8,
        "PF": 4283.35,
        "playoff_odds": 99.09,
        "seeds": [
            0.0,
            23.14,
            36.6,
            20.23,
            13.29,
            5.83,
            0.91,
            0.0,
            0.0,
            0.0,
            0.0,
            0.0,
            0.0,
            0.0
        ],
        "records": {
            "2-0": {
                "made_playoffs": 25109,
                "total": 25109,
                "odds": 100.0
            },
            "1-1": {
                "made_playoffs": 49924,
                "total": 49924,
                "odds": 100.0
            },
            "0-2": {
                "made_playoffs": 24060,
                "total": 24967,
                "odds": 96.37
            }
        },
        "current_week": {
            "win": {
                "make_playoffs": 50088,
                "total": 50088,
                "odds": 100.0
            },
            "loss": {
                "make_playoffs": 49005,
                "total": 49912,
                "odds": 98.18
            }
        },
        "PF_avg": 225.43947368421055
    },
    "63169": {
        "name": "Canadian Wolf Birds",
        "owner": "Rhyme-Thyme",
        "wins": 11,
        "losses": 8,
        "PF": 4136.3,
        "playoff_odds": 97.95,
        "seeds": [
            0.0,
            20.53,
            19.72,
            28.19,
            19.59,
            9.93,
            2.05,
            0.0,
            0.0,
            0.0,
            0.0,
            0.0,
            0.0,
            0.0
        ],
        "records": {
            "2-0": {
                "made_playoffs": 24902,
                "total": 24902,
                "odds": 100.0
            },
            "1-1": {
                "made_playoffs": 50025,
                "total": 50025,
                "odds": 100.0
            },
            "0-2": {
                "made_playoffs": 23025,
                "total": 25073,
                "odds": 91.83
            }
        },
        "current_week": {
            "win": {
                "make_playoffs": 49826,
                "total": 49826,
                "odds": 100.0
            },
            "loss": {
                "make_playoffs": 48126,
                "total": 50174,
                "odds": 95.92
            }
        },
        "PF_avg": 217.70000000000002
    },
    "63147": {
        "name": "Moose Poop",
        "owner": "gumbosious",
        "wins": 11,
        "losses": 8,
        "PF": 3985.5,
        "playoff_odds": 95.25,
        "seeds": [
            0.0,
            5.73,
            17.12,
            22.71,
            29.98,
            19.71,
            4.67,
            0.09,
            0.0,
            0.0,
            0.0,
            0.0,
            0.0,
            0.0
        ],
        "records": {
            "2-0": {
                "made_playoffs": 25211,
                "total": 25211,
                "odds": 100.0
            },
            "1-1": {
                "made_playoffs": 50048,
                "total": 50051,
                "odds": 99.99
            },
            "0-2": {
                "made_playoffs": 19987,
                "total": 24738,
                "odds": 80.79
            }
        },
        "current_week": {
            "win": {
                "make_playoffs": 50273,
                "total": 50275,
                "odds": 100.0
            },
            "loss": {
                "make_playoffs": 44973,
                "total": 49725,
                "odds": 90.44
            }
        },
        "PF_avg": 209.76315789473685
    },
    "63138": {
        "name": "The Chirp Show",
        "owner": "Tsunkatse",
        "wins": 10,
        "losses": 9,
        "PF": 4110.75,
        "playoff_odds": 71.03,
        "seeds": [
            0.0,
            0.44,
            4.73,
            13.1,
            17.4,
            35.36,
            24.28,
            4.69,
            0.0,
            0.0,
            0.0,
            0.0,
            0.0,
            0.0
        ],
        "records": {
            "2-0": {
                "made_playoffs": 24997,
                "total": 24997,
                "odds": 100.0
            },
            "1-1": {
                "made_playoffs": 41310,
                "total": 49963,
                "odds": 82.68
            },
            "0-2": {
                "made_playoffs": 4721,
                "total": 25040,
                "odds": 18.85
            }
        },
        "current_week": {
            "win": {
                "make_playoffs": 45624,
                "total": 49893,
                "odds": 91.44
            },
            "loss": {
                "make_playoffs": 25404,
                "total": 50107,
                "odds": 50.7
            }
        },
        "PF_avg": 216.35526315789474
    },
    "63140": {
        "name": "We are a team",
        "owner": "hotoatmeal",
        "wins": 10,
        "losses": 9,
        "PF": 3768.4,
        "playoff_odds": 31.91,
        "seeds": [
            0.0,
            0.0,
            0.28,
            2.7,
            8.72,
            20.21,
            36.56,
            21.42,
            8.96,
            1.15,
            0.0,
            0.0,
            0.0,
            0.0
        ],