{
    "63187": {
        "name": "I Suck At Fantasy HC",
        "owner": "Tmuni",
        "wins": 16,
        "losses": 3,
        "PF": 3947.5,
        "playoff_odds": 100.0,
        "seeds": [
            44.13,
            28.27,
            25.32,
            2.29,
            0.0,
            0.0,
            0.0,
            0.0,
            0.0,
            0.0,
            0.0,
            0.0,
            0.0,
            0.0
        ],
        "records": {
            "2-0": {
                "made_playoffs": 27458,
                "total": 27458,
                "odds": 100.0
            },
            "1-1": {
                "made_playoffs": 52266,
                "total": 52266,
                "odds": 100.0
            },
            "0-2": {
                "made_playoffs": 20276,
                "total": 20276,
                "odds": 100.0
            }
        },
        "current_week": {
            "win": {
                "make_playoffs": 42323,
                "total": 42323,
                "odds": 100.0
            },
            "loss": {
                "make_playoffs": 57677,
                "total": 57677,
                "odds": 100.0
            }
        },
        "PF_avg": 207.76315789473685
    },
    "63193": {
        "name": "Book Hockey",
        "owner": "TwoPlanks",
        "wins": 15,
        "losses": 4,
        "PF": 4154.05,
        "playoff_odds": 100.0,
        "seeds": [
            43.01,
            21.11,
            29.16,
            6.72,
            0.0,
            0.0,
            0.0,
            0.0,
            0.0,
            0.0,
            0.0,
            0.0,
            0.0,
            0.0
        ],
        "records": {
            "2-0": {
                "made_playoffs": 40497,
                "total": 40497,
                "odds": 100.0
            },
            "1-1": {
                "made_playoffs": 47052,
                "total": 47052,
                "odds": 100.0
            },
            "0-2": {
                "made_playoffs": 12451,
                "total": 12451,
                "odds": 100.0
            }
        },
        "current_week": {
            "win": {
                "make_playoffs": 57677,
                "total": 57677,
                "odds": 100.0
            },
            "loss": {
                "make_playoffs": 42323,
                "total": 42323,
                "odds": 100.0
            }
        },
        "PF_avg": 218.6342105263158
    },
    "63216": {
        "name": "Bluth's Bananas",
        "owner": "zodiac33",
        "wins": 15,
        "losses": 4,
        "PF": 4001.3,
        "playoff_odds": 100.0,
        "seeds": [
            11.71,
            37.21,
            28.8,
            22.26,
            0.02,
            0.0,
            0.0,
            0.0,
            0.0,
            0.0,
            0.0,
            0.0,
            0.0,
            0.0
        ],
        "records": {
            "2-0": {
                "made_playoffs": 38546,
                "total": 38546,
                "odds": 100.0
            },
            "1-1": {
                "made_playoffs": 47485,
                "total": 47485,
                "odds": 100.0
            },
            "0-2": {
                "made_playoffs": 13969,
                "total": 13969,
                "odds": 100.0
            }
        },
        "current_week": {
            "win": {
                "make_playoffs": 60999,
                "total": 60999,
                "odds": 100.0
            },
            "loss": {
                "make_playoffs": 39001,
                "total": 39001,
                "odds": 100.0
            }
        },
        "PF_avg": 210.59473684210528
    },
    "63369": {
        "name": "Yourmomcantspell",
        "owner": "yourmomcantspel",
        "wins": 15,
        "losses": 4,
        "PF": 3704.25,
        "playoff_odds": 100.0,
        "seeds": [
            1.15,
            13.42,
            16.72,
            50.31,
            18.4,
            0.0,
            0.0,
            0.0,
            0.0,
            0.0,
            0.0,
            0.0,
            0.0,
            0.0
        ],
        "records": {
            "2-0": {
                "made_playoffs": 18633,
                "total": 18633,
                "odds": 100.0
            },
            "1-1": {
                "made_playoffs": 49486,
                "total": 49486,
                "odds": 100.0
            },
            "0-2": {
                "made_playoffs": 31881,
                "total": 31881,
                "odds": 100.0
            }
        },
        "current_week": {
            "win": {
                "make_playoffs": 39001,
                "total": 39001,
                "odds": 100.0
            },
            "loss": {
                "make_playoffs": 60999,
                "total": 60999,
                "odds": 100.0
            }
        },
        "PF_avg": 194.96052631578948
    },
    "63208": {
        "name": "Kuznetsob",
        "owner": "kuznetsob",
        "wins": 13,
        "losses": 6,
        "PF": 3758.85,
        "playoff_odds": 99.97,
        "seeds": [
            0.0,
            0.0,
            0.0,
            18.42,
            80.29,
            1.25,
            0.03,
            0.0,
            0.0,
            0.0,
            0.0,
            0.0,
            0.0,
            0.0
        ],
        "records": {
            "2-0": {
                "made_playoffs": 30346,
                "total": 30346,
                "odds": 100.0
            },
            "1-1": {
                "made_playoffs": 49458,
                "total": 49458,
                "odds": 100.0
            },
            "0-2": {
                "made_playoffs": 20162,
                "total": 20196,
                "odds": 99.83
            }
        },
        "current_week": {
            "win": {
                "make_playoffs": 57901,
                "total": 57901,
                "odds": 100.0
            },
            "loss": {
                "make_playoffs": 42065,
                "total": 42099,
                "odds": 99.92
            }
        },
        "PF_avg": 197.8342105263158
    },
    "63209": {
        "name": "Dolla Bill Kirill",
        "owner": "CTonyJab",
        "wins": 11,
        "losses": 8,
        "PF": 3624.8,
        "playoff_odds": 51.58,
        "seeds": [
            0.0,
            0.0,
            0.0,
            0.0,
            1.11,
            50.48,
            38.2,
            10.22,
            0.0,
            0.0,
            0.0,
            0.0,
            0.0,
            0.0
        ],
        "records": {
            "2-0": {
                "made_playoffs": 25569,
                "total": 26609,
                "odds": 96.09
            },
            "1-1": {
                "made_playoffs": 25998,
                "total": 56395,
                "odds": 46.1
            },
            "0-2": {
                "made_playoffs": 16,
                "total": 16996,
                "odds": 0.09
            }
        },
        "current_week": {
            "win": {
                "make_playoffs": 47092,
                "total": 73191,
                "odds": 64.34
            },
            "loss": {
                "make_playoffs": 4491,
                "total": 26809,
                "odds": 16.75
            }
        },
        "PF_avg": 190.77894736842106
    },
    "63270": {
        "name": "Waddell In to the Wild Card Spot",
        "owner": "Oldmanfreeman",
        "wins": 11,
        "losses": 8,
        "PF": 3578.7,
        "playoff_odds": 24.01,
        "seeds": [
            0.0,
            0.0,
            0.0,
            0.0,
            0.18,
            23.83,
            33.34,
            42.65,
            0.0,
            0.0,
            0.0,
            0.0,
            0.0,
            0.0
        ],