{
    "63411": {
        "name": "The Out-Seiders",
        "owner": "D_ho",
        "wins": 15,
        "losses": 4,
        "PF": 4055.2,
        "playoff_odds": 100.0,
        "seeds": [
            73.12,
            17.06,
            8.95,
            0.87,
            0.0,
            0.0,
            0.0,
            0.0,
            0.0,
            0.0,
            0.0,
            0.0,
            0.0,
            0.0
        ],
        "records": {
            "2-0": {
                "made_playoffs": 40040,
                "total": 40040,
                "odds": 100.0
            },
            "1-1": {
                "made_playoffs": 46699,
                "total": 46699,
                "odds": 100.0
            },
            "0-2": {
                "made_playoffs": 13261,
                "total": 13261,
                "odds": 100.0
            }
        },
        "current_week": {
            "win": {
                "make_playoffs": 61300,
                "total": 61300,
                "odds": 100.0
            },
            "loss": {
                "make_playoffs": 38700,
                "total": 38700,
                "odds": 100.0
            }
        },
        "PF_avg": 213.43157894736842
    },
    "63595": {
        "name": "TC Bacon\ud83e\udd53",
        "owner": "tcbacon",
        "wins": 14,
        "losses": 5,
        "PF": 4012.55,
        "playoff_odds": 100.0,
        "seeds": [
            15.8,
            36.72,
            28.19,
            19.28,
            0.0,
            0.0,
            0.0,
            0.0,
            0.0,
            0.0,
            0.0,
            0.0,
            0.0,
            0.0
        ],
        "records": {
            "2-0": {
                "made_playoffs": 48921,
                "total": 48921,
                "odds": 100.0
            },
            "1-1": {
                "made_playoffs": 44412,
                "total": 44412,
                "odds": 100.0
            },
            "0-2": {
                "made_playoffs": 6667,
                "total": 6667,
                "odds": 100.0
            }
        },
        "current_week": {
            "win": {
                "make_playoffs": 83644,
                "total": 83644,
                "odds": 100.0
            },
            "loss": {
                "make_playoffs": 16356,
                "total": 16356,
                "odds": 100.0
            }
        },
        "PF_avg": 211.18684210526317
    },
    "63292": {
        "name": "Lynyrd Skinner'd",
        "owner": "jls1861",
        "wins": 14,
        "losses": 5,
        "PF": 3975.35,
        "playoff_odds": 100.0,
        "seeds": [
            9.75,
            36.09,
            46.7,
            7.46,
            0.0,
            0.0,
            0.0,
            0.0,
            0.0,
            0.0,
            0.0,
            0.0,
            0.0,
            0.0
        ],
        "records": {
            "2-0": {
                "made_playoffs": 59369,
                "total": 59369,
                "odds": 100.0
            },
            "1-1": {
                "made_playoffs": 38199,
                "total": 38199,
                "odds": 100.0
            },
            "0-2": {
                "made_playoffs": 2432,
                "total": 2432,
                "odds": 100.0
            }
        },
        "current_week": {
            "win": {
                "make_playoffs": 93453,
                "total": 93453,
                "odds": 100.0
            },
            "loss": {
                "make_playoffs": 6547,
                "total": 6547,
                "odds": 100.0
            }
        },
        "PF_avg": 209.22894736842105
    },
    "63774": {
        "name": "50-in-07 HC",
        "owner": "jorgan13",
        "wins": 14,
        "losses": 5,
        "PF": 3781.8,
        "playoff_odds": 100.0,
        "seeds": [
            1.32,
            10.13,
            16.16,
            71.34,
            1.0,
            0.05,
            0.0,
            0.0,
            0.0,
            0.0,
            0.0,
            0.0,
            0.0,
            0.0
        ],
        "records": {
            "2-0": {
                "made_playoffs": 23400,
                "total": 23400,
                "odds": 100.0
            },
            "1-1": {
                "made_playoffs": 51152,
                "total": 51152,
                "odds": 100.0
            },
            "0-2": {
                "made_playoffs": 25448,
                "total": 25448,
                "odds": 100.0
            }
        },
        "current_week": {
            "win": {
                "make_playoffs": 56562,
                "total": 56562,
                "odds": 100.0
            },
            "loss": {
                "make_playoffs": 43438,
                "total": 43438,
                "odds": 100.0
            }
        },
        "PF_avg": 199.0421052631579
    },
    "63240": {
        "name": "Matveimania",
        "owner": "tomds215",
        "wins": 12,
        "losses": 7,
        "PF": 3620.7,
        "playoff_odds": 84.52,
        "seeds": [
            0.0,
            0.0,
            0.0,
            0.56,
            51.07,
            32.88,
            15.48,
            0.0,
            0.0,
            0.0,
            0.0,
            0.0,
            0.0,
            0.0
        ],
        "records": {
            "2-0": {
                "made_playoffs": 26365,
                "total": 26365,
                "odds": 100.0
            },
            "1-1": {
                "made_playoffs": 52585,
                "total": 58261,
                "odds": 90.26
            },
            "0-2": {
                "made_playoffs": 5565,
                "total": 15374,
                "odds": 36.2
            }
        },
        "current_week": {
            "win": {
                "make_playoffs": 71603,
                "total": 76470,
                "odds": 93.64
            },
            "loss": {
                "make_playoffs": 12912,
                "total": 23530,
                "odds": 54.87
            }
        },
        "PF_avg": 190.56315789473683
    },
    "63260": {
        "name": "The Pylons",
        "owner": "Wizumz",
        "wins": 12,
        "losses": 7,
        "PF": 3606.15,
        "playoff_odds": 67.62,
        "seeds": [
            0.0,
            0.0,
            0.0,
            0.49,
            29.79,
            37.33,
            32.38,
            0.0,
            0.0,
            0.0,
            0.0,
            0.0,
            0.0,
            0.0
        ],
        "records": {
            "2-0": {
                "made_playoffs": 15897,
                "total": 15897,
                "odds": 100.0
            },
            "1-1": {
                "made_playoffs": 41466,
                "total": 48160,
                "odds": 86.1
            },
            "0-2": {
                "made_playoffs": 10255,
                "total": 35943,
                "odds": 28.53
            }
        },
        "current_week": {
            "win": {
                "make_playoffs": 39591,
                "total": 43438,
                "odds": 91.14
            },
            "loss": {
                "make_playoffs": 28027,
                "total": 56562,
                "odds": 49.55
            }
        },
        "PF_avg": 189.79736842105262
    },
    "63268": {
        "name": "Dirty Dangles",
        "owner": "DiRTyHAiRRy",
        "wins": 11,
        "losses": 8,
        "PF": 3746.2,
        "playoff_odds": 47.87,
        "seeds": [
            0.0,
            0.0,
            0.0,
            0.0,
            18.13,
            29.73,
            52.13,
            0.0,
            0.0,
            0.0,
            0.0,
            0.0,
            0.0,
            0.0
        ],
        "records": {
            "2-0": {
                "made_playoffs": 23644,