{
    "63187": {
        "name": "I Suck At Fantasy HC",
        "owner": "Tmuni",
        "wins": 16,
        "losses": 3,
        "PF": 3947.5,
        "playoff_odds": 100.0,
        "seeds": [
            55.39,
            22.6,
            19.51,
            2.5,
            0.0,
            0.0,
            0.0,
            0.0,
            0.0,
            0.0,
            0.0,
            0.0,
            0.0,
            0.0
        ],
        "records": {
            "2-0": {
                "made_playoffs": 24917,
                "total": 24917,
                "odds": 100.0
            },
            "1-1": {
                "made_playoffs": 50102,
                "total": 50102,
                "odds": 100.0
            },
            "0-2": {
                "made_playoffs": 24981,
                "total": 24981,
                "odds": 100.0
            }
        },
        "current_week": {
            "win": {
                "make_playoffs": 50042,
                "total": 50042,
                "odds": 100.0
            },
            "loss": {
                "make_playoffs": 49958,
                "total": 49958,
                "odds": 100.0
            }
        },
        "PF_avg": 207.76315789473685
    },
    "63193": {
        "name": "Book Hockey",
        "owner": "TwoPlanks",
        "wins": 15,
        "losses": 4,
        "PF": 4154.05,
        "playoff_odds": 100.0,
        "seeds": [
            30.91,
            25.0,
            31.26,
            12.83,
            0.0,
            0.0,
            0.0,
            0.0,
            0.0,
            0.0,
            0.0,
            0.0,
            0.0,
            0.0
        ],
        "records": {
            "2-0": {
                "made_playoffs": 24945,
                "total": 24945,
                "odds": 100.0
            },
            "1-1": {
                "made_playoffs": 49982,
                "total": 49982,
                "odds": 100.0
            },
            "0-2": {
                "made_playoffs": 25073,
                "total": 25073,
                "odds": 100.0
            }
        },
        "current_week": {
            "win": {
                "make_playoffs": 49958,
                "total": 49958,
                "odds": 100.0
            },
            "loss": {
                "make_playoffs": 50042,
                "total": 50042,
                "odds": 100.0
            }
        },
        "PF_avg": 218.6342105263158
    },
    "63216": {
        "name": "Bluth's Bananas",
        "owner": "zodiac33",
        "wins": 15,
        "losses": 4,
        "PF": 4001.3,
        "playoff_odds": 100.0,
        "seeds": [
            10.53,
            30.4,
            27.22,
            31.85,
            0.0,
            0.0,
            0.0,
            0.0,
            0.0,
            0.0,
            0.0,
            0.0,
            0.0,
            0.0
        ],
        "records": {
            "2-0": {
                "made_playoffs": 24892,
                "total": 24892,
                "odds": 100.0
            },
            "1-1": {
                "made_playoffs": 50000,
                "total": 50000,
                "odds": 100.0
            },
            "0-2": {
                "made_playoffs": 25108,
                "total": 25108,
                "odds": 100.0
            }
        },
        "current_week": {
            "win": {
                "make_playoffs": 49803,
                "total": 49803,
                "odds": 100.0
            },
            "loss": {
                "make_playoffs": 50197,
                "total": 50197,
                "odds": 100.0
            }
        },
        "PF_avg": 210.59473684210528
    },
    "63369": {
        "name": "Yourmomcantspell",
        "owner": "yourmomcantspel",
        "wins": 15,
        "losses": 4,
        "PF": 3704.25,
        "playoff_odds": 100.0,
        "seeds": [
            3.17,
            22.0,
            22.02,
            43.15,
            9.66,
            0.0,
            0.0,
            0.0,
            0.0,
            0.0,
            0.0,
            0.0,
            0.0,
            0.0
        ],
        "records": {
            "2-0": {
                "made_playoffs": 25225,
                "total": 25225,
                "odds": 100.0
            },
            "1-1": {
                "made_playoffs": 49984,
                "total": 49984,
                "odds": 100.0
            },
            "0-2": {
                "made_playoffs": 24791,
                "total": 24791,
                "odds": 100.0
            }
        },
        "current_week": {
            "win": {
                "make_playoffs": 50197,
                "total": 50197,
                "odds": 100.0
            },
            "loss": {
                "make_playoffs": 49803,
                "total": 49803,
                "odds": 100.0
            }
        },
        "PF_avg": 194.96052631578948
    },
    "63208": {
        "name": "Kuznetsob",
        "owner": "kuznetsob",
        "wins": 13,
        "losses": 6,
        "PF": 3758.85,
        "playoff_odds": 100.0,
        "seeds": [
            0.0,
            0.0,
            0.0,
            9.67,
            90.09,
            0.24,
            0.0,
            0.0,
            0.0,
            0.0,
            0.0,
            0.0,
            0.0,
            0.0
        ],
        "records": {
            "2-0": {
                "made_playoffs": 25012,
                "total": 25012,
                "odds": 100.0
            },
            "1-1": {
                "made_playoffs": 49925,
                "total": 49925,
                "odds": 100.0
            },
            "0-2": {
                "made_playoffs": 25061,
                "total": 25063,
                "odds": 99.99
            }
        },
        "current_week": {
            "win": {
                "make_playoffs": 50186,
                "total": 50186,
                "odds": 100.0
            },
            "loss": {
                "make_playoffs": 49812,
                "total": 49814,
                "odds": 100.0
            }
        },
        "PF_avg": 197.8342105263158
    },
    "63209": {
        "name": "Dolla Bill Kirill",
        "owner": "CTonyJab",
        "wins": 11,
        "losses": 8,
        "PF": 3624.8,
        "playoff_odds": 44.59,
        "seeds": [
            0.0,
            0.0,
            0.0,
            0.0,
            0.21,
            44.38,
            40.3,
            15.12,
            0.0,
            0.0,
            0.0,
            0.0,
            0.0,
            0.0
        ],
        "records": {
            "2-0": {
                "made_playoffs": 23259,
                "total": 24863,
                "odds": 93.55
            },
            "1-1": {
                "made_playoffs": 21084,
                "total": 50102,
                "odds": 42.08
            },
            "0-2": {
                "made_playoffs": 243,
                "total": 25035,
                "odds": 0.97
            }
        },
        "current_week": {
            "win": {
                "make_playoffs": 33788,
                "total": 49809,
                "odds": 67.84
            },
            "loss": {
                "make_playoffs": 10798,
                "total": 50191,
                "odds": 21.51
            }
        },
        "PF_avg": 190.77894736842106
    },
    "63270": {
        "name": "Waddell In to the Wild Card Spot",
        "owner": "Oldmanfreeman",
        "wins": 11,
        "losses": 8,
        "PF": 3578.7,
        "playoff_odds": 34.91,
        "seeds": [
            0.0,
            0.0,
            0.0,
            0.0,
            0.04,
            34.88,
            34.48,
            30.61,
            0.0,
            0.0,
            0.0,
            0.0,
            0.0,
            0.0
        ],