{
    "63411": {
        "name": "The Out-Seiders",
        "owner": "D_ho",
        "wins": 15,
        "losses": 4,
        "PF": 4055.2,
        "playoff_odds": 100.0,
        "seeds": [
            77.06,
            17.15,
            5.44,
            0.35,
            0.0,
            0.0,
            0.0,
            0.0,
            0.0,
            0.0,
            0.0,
            0.0,
            0.0,
            0.0
        ],
        "records": {
            "2-0": {
                "made_playoffs": 25015,
                "total": 25015,
                "odds": 100.0
            },
            "1-1": {
                "made_playoffs": 49935,
                "total": 49935,
                "odds": 100.0
            },
            "0-2": {
                "made_playoffs": 25050,
                "total": 25050,
                "odds": 100.0
            }
        },
        "current_week": {
            "win": {
                "make_playoffs": 49885,
                "total": 49885,
                "odds": 100.0
            },
            "loss": {
                "make_playoffs": 50115,
                "total": 50115,
                "odds": 100.0
            }
        },
        "PF_avg": 213.43157894736842
    },
    "63595": {
        "name": "TC Bacon\ud83e\udd53",
        "owner": "tcbacon",
        "wins": 14,
        "losses": 5,
        "PF": 4012.55,
        "playoff_odds": 100.0,
        "seeds": [
            10.93,
            36.48,
            27.23,
            25.36,
            0.0,
            0.0,
            0.0,
            0.0,
            0.0,
            0.0,
            0.0,
            0.0,
            0.0,
            0.0
        ],
        "records": {
            "2-0": {
                "made_playoffs": 24999,
                "total": 24999,
                "odds": 100.0
            },
            "1-1": {
                "made_playoffs": 50062,
                "total": 50062,
                "odds": 100.0
            },
            "0-2": {
                "made_playoffs": 24939,
                "total": 24939,
                "odds": 100.0
            }
        },
        "current_week": {
            "win": {
                "make_playoffs": 50179,
                "total": 50179,
                "odds": 100.0
            },
            "loss": {
                "make_playoffs": 49821,
                "total": 49821,
                "odds": 100.0
            }
        },
        "PF_avg": 211.18684210526317
    },
    "63292": {
        "name": "Lynyrd Skinner'd",
        "owner": "jls1861",
        "wins": 14,
        "losses": 5,
        "PF": 3975.35,
        "playoff_odds": 100.0,
        "seeds": [
            7.29,
            27.49,
            43.76,
            21.46,
            0.0,
            0.0,
            0.0,
            0.0,
            0.0,
            0.0,
            0.0,
            0.0,
            0.0,
            0.0
        ],
        "records": {
            "2-0": {
                "made_playoffs": 24996,
                "total": 24996,
                "odds": 100.0
            },
            "1-1": {
                "made_playoffs": 49730,
                "total": 49730,
                "odds": 100.0
            },
            "0-2": {
                "made_playoffs": 25274,
                "total": 25274,
                "odds": 100.0
            }
        },
        "current_week": {
            "win": {
                "make_playoffs": 49785,
                "total": 49785,
                "odds": 100.0
            },
            "loss": {
                "make_playoffs": 50215,
                "total": 50215,
                "odds": 100.0
            }
        },
        "PF_avg": 209.22894736842105
    },
    "63774": {
        "name": "50-in-07 HC",
        "owner": "jorgan13",
        "wins": 14,
        "losses": 5,
        "PF": 3781.8,
        "playoff_odds": 100.0,
        "seeds": [
            4.72,
            18.88,
            23.57,
            52.67,
            0.16,
            0.0,
            0.0,
            0.0,
            0.0,
            0.0,
            0.0,
            0.0,
            0.0,
            0.0
        ],
        "records": {
            "2-0": {
                "made_playoffs": 25154,
                "total": 25154,
                "odds": 100.0
            },
            "1-1": {
                "made_playoffs": 49810,
                "total": 49810,
                "odds": 100.0
            },
            "0-2": {
                "made_playoffs": 25036,
                "total": 25036,
                "odds": 100.0
            }
        },
        "current_week": {
            "win": {
                "make_playoffs": 49999,
                "total": 49999,
                "odds": 100.0
            },
            "loss": {
                "make_playoffs": 50001,
                "total": 50001,
                "odds": 100.0
            }
        },
        "PF_avg": 199.0421052631579
    },
    "63240": {
        "name": "Matveimania",
        "owner": "tomds215",
        "wins": 12,
        "losses": 7,
        "PF": 3620.7,
        "playoff_odds": 78.96,
        "seeds": [
            0.0,
            0.0,
            0.0,
            0.07,
            44.02,
            34.86,
            21.04,
            0.0,
            0.0,
            0.0,
            0.0,
            0.0,
            0.0,
            0.0
        ],
        "records": {
            "2-0": {
                "made_playoffs": 25151,
                "total": 25151,
                "odds": 100.0
            },
            "1-1": {
                "made_playoffs": 44430,
                "total": 49953,
                "odds": 88.94
            },
            "0-2": {
                "made_playoffs": 9378,
                "total": 24896,
                "odds": 37.67
            }
        },
        "current_week": {
            "win": {
                "make_playoffs": 47551,
                "total": 50335,
                "odds": 94.47
            },
            "loss": {
                "make_playoffs": 31408,
                "total": 49665,
                "odds": 63.24
            }
        },
        "PF_avg": 190.56315789473683
    },
    "63260": {
        "name": "The Pylons",
        "owner": "Wizumz",
        "wins": 12,
        "losses": 7,
        "PF": 3606.15,
        "playoff_odds": 76.8,
        "seeds": [
            0.0,
            0.0,
            0.0,
            0.09,
            39.42,
            37.29,
            23.2,
            0.0,
            0.0,
            0.0,
            0.0,
            0.0,
            0.0,
            0.0
        ],
        "records": {
            "2-0": {
                "made_playoffs": 25071,
                "total": 25071,
                "odds": 100.0
            },
            "1-1": {
                "made_playoffs": 43314,
                "total": 49922,
                "odds": 86.76
            },
            "0-2": {
                "made_playoffs": 8411,
                "total": 25007,
                "odds": 33.63
            }
        },
        "current_week": {
            "win": {
                "make_playoffs": 46686,
                "total": 50001,
                "odds": 93.37
            },
            "loss": {
                "make_playoffs": 30110,
                "total": 49999,
                "odds": 60.22
            }
        },
        "PF_avg": 189.79736842105262
    },
    "63268": {
        "name": "Dirty Dangles",
        "owner": "DiRTyHAiRRy",
        "wins": 11,
        "losses": 8,
        "PF": 3746.2,
        "playoff_odds": 44.24,
        "seeds": [
            0.0,
            0.0,
            0.0,
            0.0,
            16.4,
            27.84,
            55.75,
            0.0,
            0.0,
            0.0,
            0.0,
            0.0,
            0.0,
            0.0
        ],