{
    "63135": {
        "name": "Bang Bang Haoxi Wang",
        "owner": "DeliveryDuck",
        "wins": 14,
        "losses": 5,
        "PF": 4183.85,
        "playoff_odds": 100.0,
        "seeds": [
            60.22,
            27.16,
            12.04,
            0.58,
            0.0,
            0.0,
            0.0,
            0.0,
            0.0,
            0.0,
            0.0,
            0.0,
            0.0,
            0.0
        ],
        "records": {
            "2-0": {
                "made_playoffs": 25161,
                "total": 25161,
                "odds": 100.0
            },
            "1-1": {
                "made_playoffs": 49698,
                "total": 49698,
                "odds": 100.0
            },
            "0-2": {
                "made_playoffs": 25141,
                "total": 25141,
                "odds": 100.0
            }
        },
        "current_week": {
            "win": {
                "make_playoffs": 50027,
                "total": 50027,
                "odds": 100.0
            },
            "loss": {
                "make_playoffs": 49973,
                "total": 49973,
                "odds": 100.0
            }
        },
        "PF_avg": 220.20263157894738
    },
    "63174": {
        "name": "Vancity Express",
        "owner": "nickfrompitt",
        "wins": 13,
        "losses": 6,
        "PF": 4335.05,
        "playoff_odds": 100.0,
        "seeds": [
            33.98,
            33.06,
            25.07,
            7.86,
            0.03,
            0.0,
            0.0,
            0.0,
            0.0,
            0.0,
            0.0,
            0.0,
            0.0,
            0.0
        ],
        "records": {
            "2-0": {
                "made_playoffs": 25008,
                "total": 25008,
                "odds": 100.0
            },
            "1-1": {
                "made_playoffs": 50035,
                "total": 50035,
                "odds": 100.0
            },
            "0-2": {
                "made_playoffs": 24957,
                "total": 24957,
                "odds": 100.0
            }
        },
        "current_week": {
            "win": {
                "make_playoffs": 50044,
                "total": 50044,
                "odds": 100.0
            },
            "loss": {
                "make_playoffs": 49956,
                "total": 49956,
                "odds": 100.0
            }
        },
        "PF_avg": 228.1605263157895
    },
    "63176": {
        "name": "Ovi's Super Soft Retirement Party",
        "owner": "TooManyPuppies",
        "wins": 13,
        "losses": 6,
        "PF": 4140.65,
        "playoff_odds": 99.95,
        "seeds": [
            5.78,
            30.61,
            34.79,
            21.7,
            6.16,
            0.9,
            0.05,
            0.0,
            0.0,
            0.0,
            0.0,
            0.0,
            0.0,
            0.0
        ],
        "records": {
            "2-0": {
                "made_playoffs": 24954,
                "total": 24954,
                "odds": 100.0
            },
            "1-1": {
                "made_playoffs": 49945,
                "total": 49945,
                "odds": 100.0
            },
            "0-2": {
                "made_playoffs": 25053,
                "total": 25101,
                "odds": 99.81
            }
        },
        "current_week": {
            "win": {
                "make_playoffs": 49934,
                "total": 49934,
                "odds": 100.0
            },
            "loss": {
                "make_playoffs": 50018,
                "total": 50066,
                "odds": 99.9
            }
        },
        "PF_avg": 217.92894736842103
    },
    "63166": {
        "name": "D3 fodder",
        "owner": "costcostan",
        "wins": 12,
        "losses": 7,
        "PF": 4168.2,
        "playoff_odds": 96.64,
        "seeds": [
            0.03,
            7.55,
            18.18,
            36.65,
            21.47,
            12.76,
            3.36,
            0.0,
            0.0,
            0.0,
            0.0,
            0.0,
            0.0,
            0.0
        ],
        "records": {
            "2-0": {
                "made_playoffs": 24860,
                "total": 24860,
                "odds": 100.0
            },
            "1-1": {
                "made_playoffs": 50158,
                "total": 50195,
                "odds": 99.93
            },
            "0-2": {
                "made_playoffs": 21619,
                "total": 24945,
                "odds": 86.67
            }
        },
        "current_week": {
            "win": {
                "make_playoffs": 50029,
                "total": 50066,
                "odds": 99.93
            },
            "loss": {
                "make_playoffs": 46608,
                "total": 49934,
                "odds": 93.34
            }
        },
        "PF_avg": 219.37894736842105
    },
    "63143": {
        "name": "Chicken and Raffls",
        "owner": "funkyquasar",
        "wins": 12,
        "losses": 7,
        "PF": 3954.8,
        "playoff_odds": 84.53,
        "seeds": [
            0.0,
            1.62,
            9.43,
            21.14,
            28.22,
            24.11,
            15.47,
            0.0,
            0.0,
            0.0,
            0.0,
            0.0,
            0.0,
            0.0
        ],
        "records": {
            "2-0": {
                "made_playoffs": 24976,
                "total": 24976,
                "odds": 100.0
            },
            "1-1": {
                "made_playoffs": 48009,
                "total": 50172,
                "odds": 95.69
            },
            "0-2": {
                "made_playoffs": 11545,
                "total": 24852,
                "odds": 46.46
            }
        },
        "current_week": {
            "win": {
                "make_playoffs": 48533,
                "total": 49973,
                "odds": 97.12
            },
            "loss": {
                "make_playoffs": 35997,
                "total": 50027,
                "odds": 71.96
            }
        },
        "PF_avg": 208.14736842105265
    },
    "63232": {
        "name": "Democratic People's Republic of Kariya",
        "owner": "kjohnm",
        "wins": 11,
        "losses": 8,
        "PF": 4148.9,
        "playoff_odds": 70.31,
        "seeds": [
            0.0,
            0.0,
            0.45,
            8.87,
            25.93,
            35.07,
            29.69,
            0.0,
            0.0,
            0.0,
            0.0,
            0.0,
            0.0,
            0.0
        ],
        "records": {
            "2-0": {
                "made_playoffs": 24837,
                "total": 24910,
                "odds": 99.71
            },
            "1-1": {
                "made_playoffs": 39948,
                "total": 50052,
                "odds": 79.81
            },
            "0-2": {
                "made_playoffs": 5529,
                "total": 25038,
                "odds": 22.08
            }
        },
        "current_week": {
            "win": {
                "make_playoffs": 44869,
                "total": 49902,
                "odds": 89.91
            },
            "loss": {
                "make_playoffs": 25445,
                "total": 50098,
                "odds": 50.79
            }
        },
        "PF_avg": 218.36315789473682
    },
    "63191": {
        "name": "Denim Chicken",
        "owner": "sleeptalkerz",
        "wins": 11,
        "losses": 8,
        "PF": 4058.8,
        "playoff_odds": 48.57,