{
    "63294": {
        "name": "Get Cennes or die tryin",
        "owner": "Dilulite",
        "wins": 16,
        "losses": 3,
        "PF": 4205.05,
        "playoff_odds": 100.0,
        "seeds": [
            98.56,
            1.37,
            0.07,
            0.0,
            0.0,
            0.0,
            0.0,
            0.0,
            0.0,
            0.0,
            0.0,
            0.0,
            0.0,
            0.0
        ],
        "records": {
            "2-0": {
                "made_playoffs": 55129,
                "total": 55129,
                "odds": 100.0
            },
            "1-1": {
                "made_playoffs": 38428,
                "total": 38428,
                "odds": 100.0
            },
            "0-2": {
                "made_playoffs": 6443,
                "total": 6443,
                "odds": 100.0
            }
        },
        "current_week": {
            "win": {
                "make_playoffs": 70907,
                "total": 70907,
                "odds": 100.0
            },
            "loss": {
                "make_playoffs": 29093,
                "total": 29093,
                "odds": 100.0
            }
        },
        "PF_avg": 221.31842105263158
    },
    "63238": {
        "name": "Herd of Connors",
        "owner": "mii817",
        "wins": 15,
        "losses": 4,
        "PF": 3420.95,
        "playoff_odds": 100.0,
        "seeds": [
            1.11,
            33.57,
            27.37,
            37.96,
            0.0,
            0.0,
            0.0,
            0.0,
            0.0,
            0.0,
            0.0,
            0.0,
            0.0,
            0.0
        ],
        "records": {
            "2-0": {
                "made_playoffs": 17263,
                "total": 17263,
                "odds": 100.0
            },
            "1-1": {
                "made_playoffs": 50054,
                "total": 50054,
                "odds": 100.0
            },
            "0-2": {
                "made_playoffs": 32683,
                "total": 32683,
                "odds": 100.0
            }
        },
        "current_week": {
            "win": {
                "make_playoffs": 35273,
                "total": 35273,
                "odds": 100.0
            },
            "loss": {
                "make_playoffs": 64727,
                "total": 64727,
                "odds": 100.0
            }
        },
        "PF_avg": 180.04999999999998
    },
    "63401": {
        "name": "Lock Monsters",
        "owner": "ksteadsrus",
        "wins": 14,
        "losses": 5,
        "PF": 4048.85,
        "playoff_odds": 100.0,
        "seeds": [
            0.33,
            45.24,
            39.14,
            15.29,
            0.0,
            0.0,
            0.0,
            0.0,
            0.0,
            0.0,
            0.0,
            0.0,
            0.0,
            0.0
        ],
        "records": {
            "2-0": {
                "made_playoffs": 47148,
                "total": 47148,
                "odds": 100.0
            },
            "1-1": {
                "made_playoffs": 43597,
                "total": 43597,
                "odds": 100.0
            },
            "0-2": {
                "made_playoffs": 9255,
                "total": 9255,
                "odds": 100.0
            }
        },
        "current_week": {
            "win": {
                "make_playoffs": 62794,
                "total": 62794,
                "odds": 100.0
            },
            "loss": {
                "make_playoffs": 37206,
                "total": 37206,
                "odds": 100.0
            }
        },
        "PF_avg": 213.09736842105264
    },
    "63424": {
        "name": "Darkwing Pucks",
        "owner": "DreDay084",
        "wins": 14,
        "losses": 5,
        "PF": 3825.4,
        "playoff_odds": 100.0,
        "seeds": [
            0.0,
            19.82,
            33.43,
            46.73,
            0.02,
            0.0,
            0.0,
            0.0,
            0.0,
            0.0,
            0.0,
            0.0,
            0.0,
            0.0
        ],
        "records": {
            "2-0": {
                "made_playoffs": 35043,
                "total": 35043,
                "odds": 100.0
            },
            "1-1": {
                "made_playoffs": 48952,
                "total": 48952,
                "odds": 100.0
            },
            "0-2": {
                "made_playoffs": 16005,
                "total": 16005,
                "odds": 100.0
            }
        },
        "current_week": {
            "win": {
                "make_playoffs": 64727,
                "total": 64727,
                "odds": 100.0
            },
            "loss": {
                "make_playoffs": 35273,
                "total": 35273,
                "odds": 100.0
            }
        },
        "PF_avg": 201.33684210526317
    },
    "63236": {
        "name": "Kuznetsob",
        "owner": "kuznetsob",
        "wins": 12,
        "losses": 7,
        "PF": 3582.5,
        "playoff_odds": 84.47,
        "seeds": [
            0.0,
            0.0,
            0.0,
            0.02,
            62.61,
            21.84,
            15.53,
            0.0,
            0.0,
            0.0,
            0.0,
            0.0,
            0.0,
            0.0
        ],
        "records": {
            "2-0": {
                "made_playoffs": 38083,
                "total": 38083,
                "odds": 100.0
            },
            "1-1": {
                "made_playoffs": 44281,
                "total": 47880,
                "odds": 92.48
            },
            "0-2": {
                "made_playoffs": 2108,
                "total": 14037,
                "odds": 15.02
            }
        },
        "current_week": {
            "win": {
                "make_playoffs": 55224,
                "total": 55237,
                "odds": 99.98
            },
            "loss": {
                "make_playoffs": 29248,
                "total": 44763,
                "odds": 65.34
            }
        },
        "PF_avg": 188.55263157894737
    },
    "63248": {
        "name": "Shining Greys",
        "owner": "ShiningGrey",
        "wins": 12,
        "losses": 7,
        "PF": 3444.3,
        "playoff_odds": 64.02,
        "seeds": [
            0.0,
            0.0,
            0.0,
            0.0,
            27.89,
            36.13,
            35.98,
            0.0,
            0.0,
            0.0,
            0.0,
            0.0,
            0.0,
            0.0
        ],
        "records": {
            "2-0": {
                "made_playoffs": 22624,
                "total": 22624,
                "odds": 100.0
            },
            "1-1": {
                "made_playoffs": 39184,
                "total": 50208,
                "odds": 78.04
            },
            "0-2": {
                "made_playoffs": 2213,
                "total": 27168,
                "odds": 8.15
            }
        },
        "current_week": {
            "win": {
                "make_playoffs": 40876,
                "total": 44763,
                "odds": 91.32
            },
            "loss": {
                "make_playoffs": 23145,
                "total": 55237,
                "odds": 41.9
            }
        },
        "PF_avg": 181.27894736842106
    },
    "63287": {
        "name": "Poison Ivies",
        "owner": "RibeanieBaby",
        "wins": 11,
        "losses": 8,
        "PF": 3614.8,
        "playoff_odds": 51.51,
        "seeds": [
            0.0,
            0.0,
            0.0,
            0.0,
            9.47,
            42.03,
            47.11,
            1.38,
            0.0,
            0.0,
            0.0,
            0.0,
            0.0,
            0.0
        ],