{
    "63306": {
        "name": "Byzantine Politics",
        "owner": "sinisstar",
        "wins": 14,
        "losses": 5,
        "PF": 4333.95,
        "playoff_odds": 100.0,
        "seeds": [
            99.96,
            0.04,
            0.0,
            0.0,
            0.0,
            0.0,
            0.0,
            0.0,
            0.0,
            0.0,
            0.0,
            0.0,
            0.0,
            0.0
        ],
        "records": {
            "2-0": {
                "made_playoffs": 42864,
                "total": 42864,
                "odds": 100.0
            },
            "1-1": {
                "made_playoffs": 45987,
                "total": 45987,
                "odds": 100.0
            },
            "0-2": {
                "made_playoffs": 11149,
                "total": 11149,
                "odds": 100.0
            }
        },
        "current_week": {
            "win": {
                "make_playoffs": 72978,
                "total": 72978,
                "odds": 100.0
            },
            "loss": {
                "make_playoffs": 27022,
                "total": 27022,
                "odds": 100.0
            }
        },
        "PF_avg": 228.10263157894735
    },
    "63341": {
        "name": "One if by Landeskog",
        "owner": "dzibanche",
        "wins": 12,
        "losses": 7,
        "PF": 4095.95,
        "playoff_odds": 100.0,
        "seeds": [
            0.04,
            85.83,
            10.19,
            3.64,
            0.29,
            0.0,
            0.0,
            0.0,
            0.0,
            0.0,
            0.0,
            0.0,
            0.0,
            0.0
        ],
        "records": {
            "2-0": {
                "made_playoffs": 25587,
                "total": 25587,
                "odds": 100.0
            },
            "1-1": {
                "made_playoffs": 52281,
                "total": 52281,
                "odds": 100.0
            },
            "0-2": {
                "made_playoffs": 22132,
                "total": 22132,
                "odds": 100.0
            }
        },
        "current_week": {
            "win": {
                "make_playoffs": 62192,
                "total": 62192,
                "odds": 100.0
            },
            "loss": {
                "make_playoffs": 37808,
                "total": 37808,
                "odds": 100.0
            }
        },
        "PF_avg": 215.57631578947368
    },
    "63307": {
        "name": "Gritty Gritty Bang Bang",
        "owner": "MorphineSmile",
        "wins": 11,
        "losses": 8,
        "PF": 3888.6,
        "playoff_odds": 85.06,
        "seeds": [
            0.0,
            6.47,
            35.77,
            26.89,
            11.13,
            4.79,
            7.02,
            6.02,
            1.81,
            0.09,
            0.0,
            0.0,
            0.0,
            0.0
        ],
        "records": {
            "2-0": {
                "made_playoffs": 31607,
                "total": 31607,
                "odds": 100.0
            },
            "1-1": {
                "made_playoffs": 49667,
                "total": 49752,
                "odds": 99.83
            },
            "0-2": {
                "made_playoffs": 3782,
                "total": 18641,
                "odds": 20.29
            }
        },
        "current_week": {
            "win": {
                "make_playoffs": 50877,
                "total": 50877,
                "odds": 100.0
            },
            "loss": {
                "make_playoffs": 34179,
                "total": 49123,
                "odds": 69.58
            }
        },
        "PF_avg": 204.66315789473683
    },
    "63249": {
        "name": "Rinzel and Repeat",
        "owner": "Edgies",
        "wins": 11,
        "losses": 8,
        "PF": 3868.95,
        "playoff_odds": 75.15,
        "seeds": [
            0.0,
            3.64,
            23.26,
            27.81,
            13.49,
            6.95,
            11.46,
            10.68,
            2.54,
            0.17,
            0.0,
            0.0,
            0.0,
            0.0
        ],
        "records": {
            "2-0": {
                "made_playoffs": 19958,
                "total": 19958,
                "odds": 100.0
            },
            "1-1": {
                "made_playoffs": 49492,
                "total": 49607,
                "odds": 99.77
            },
            "0-2": {
                "made_playoffs": 5698,
                "total": 30435,
                "odds": 18.72
            }
        },
        "current_week": {
            "win": {
                "make_playoffs": 46037,
                "total": 46152,
                "odds": 99.75
            },
            "loss": {
                "make_playoffs": 29111,
                "total": 53848,
                "odds": 54.06
            }
        },
        "PF_avg": 203.62894736842105
    },
    "63215": {
        "name": "Hughes Me",
        "owner": "GoodLeftUndone",
        "wins": 11,
        "losses": 8,
        "PF": 3675.2,
        "playoff_odds": 55.8,
        "seeds": [
            0.0,
            1.22,
            5.72,
            10.63,
            25.85,
            12.38,
            14.25,
            19.3,
            9.3,
            1.35,
            0.0,
            0.0,
            0.0,
            0.0
        ],
        "records": {
            "2-0": {
                "made_playoffs": 9950,
                "total": 9950,
                "odds": 100.0
            },
            "1-1": {
                "made_playoffs": 43389,
                "total": 44405,
                "odds": 97.71
            },
            "0-2": {
                "made_playoffs": 2461,
                "total": 45645,
                "odds": 5.39
            }
        },
        "current_week": {
            "win": {
                "make_playoffs": 26647,
                "total": 27022,
                "odds": 98.61
            },
            "loss": {
                "make_playoffs": 29153,
                "total": 72978,
                "odds": 39.95
            }
        },
        "PF_avg": 193.43157894736842
    },
    "63361": {
        "name": "South Detroit Journeymen",
        "owner": "Scooterkid",
        "wins": 10,
        "losses": 9,
        "PF": 4049.55,
        "playoff_odds": 68.96,
        "seeds": [
            0.0,
            2.79,
            16.6,
            11.38,
            16.11,
            22.08,
            10.18,
            5.31,
            8.71,
            6.46,
            0.38,
            0.0,
            0.0,
            0.0
        ],
        "records": {
            "2-0": {
                "made_playoffs": 28773,
                "total": 28773,
                "odds": 100.0
            },
            "1-1": {
                "made_playoffs": 40088,
                "total": 50023,
                "odds": 80.14
            },
            "0-2": {
                "made_playoffs": 96,
                "total": 21204,
                "odds": 0.45
            }
        },
        "current_week": {
            "win": {
                "make_playoffs": 46238,
                "total": 50940,
                "odds": 90.77
            },
            "loss": {
                "make_playoffs": 22719,
                "total": 49060,
                "odds": 46.31
            }
        },
        "PF_avg": 213.1342105263158
    },
    "63212": {
        "name": "Kyle Dubas",
        "owner": "MrEmail",
        "wins": 10,
        "losses": 9,
        "PF": 3868.1,
        "playoff_odds": 42.15,
        "seeds": [
            0.0,
            0.01,
            7.96,
            12.88,
            6.47,
            14.84,
            23.07,
            11.05,
            7.24,
            10.54,
            5.16,
            0.79,
            0.0,
            0.0
        ],