{
    "76456": {
        "name": "Wisconsin Hockey Club",
        "owner": "TheRealClaude",
        "wins": 16,
        "losses": 3,
        "PF": 4134.25,
        "playoff_odds": 100.0,
        "seeds": [
            46.57,
            46.56,
            6.86,
            0.0,
            0.0,
            0.0,
            0.0,
            0.0,
            0.0,
            0.0,
            0.0,
            0.0,
            0.0,
            0.0
        ],
        "records": {
            "2-0": {
                "made_playoffs": 23508,
                "total": 23508,
                "odds": 100.0
            },
            "1-1": {
                "made_playoffs": 54593,
                "total": 54593,
                "odds": 100.0
            },
            "0-2": {
                "made_playoffs": 21899,
                "total": 21899,
                "odds": 100.0
            }
        },
        "current_week": {
            "win": {
                "make_playoffs": 66137,
                "total": 66137,
                "odds": 100.0
            },
            "loss": {
                "make_playoffs": 33863,
                "total": 33863,
                "odds": 100.0
            }
        },
        "PF_avg": 217.5921052631579
    },
    "76591": {
        "name": "Bad and Bouchie",
        "owner": "MrEmail",
        "wins": 15,
        "losses": 4,
        "PF": 4532.55,
        "playoff_odds": 100.0,
        "seeds": [
            51.55,
            29.59,
            18.86,
            0.0,
            0.0,
            0.0,
            0.0,
            0.0,
            0.0,
            0.0,
            0.0,
            0.0,
            0.0,
            0.0
        ],
        "records": {
            "2-0": {
                "made_playoffs": 47786,
                "total": 47786,
                "odds": 100.0
            },
            "1-1": {
                "made_playoffs": 43131,
                "total": 43131,
                "odds": 100.0
            },
            "0-2": {
                "made_playoffs": 9083,
                "total": 9083,
                "odds": 100.0
            }
        },
        "current_week": {
            "win": {
                "make_playoffs": 74175,
                "total": 74175,
                "odds": 100.0
            },
            "loss": {
                "make_playoffs": 25825,
                "total": 25825,
                "odds": 100.0
            }
        },
        "PF_avg": 238.55526315789476
    },
    "76450": {
        "name": "Sammy\u2019s Schmucks",
        "owner": "MrThejarret",
        "wins": 15,
        "losses": 4,
        "PF": 3934.45,
        "playoff_odds": 100.0,
        "seeds": [
            1.88,
            23.84,
            74.28,
            0.0,
            0.0,
            0.0,
            0.0,
            0.0,
            0.0,
            0.0,
            0.0,
            0.0,
            0.0,
            0.0
        ],
        "records": {
            "2-0": {
                "made_playoffs": 30950,
                "total": 30950,
                "odds": 100.0
            },
            "1-1": {
                "made_playoffs": 49275,
                "total": 49275,
                "odds": 100.0
            },
            "0-2": {
                "made_playoffs": 19775,
                "total": 19775,
                "odds": 100.0
            }
        },
        "current_week": {
            "win": {
                "make_playoffs": 57700,
                "total": 57700,
                "odds": 100.0
            },
            "loss": {
                "make_playoffs": 42300,
                "total": 42300,
                "odds": 100.0
            }
        },
        "PF_avg": 207.07631578947368
    },
    "76468": {
        "name": "Alberta Blazers",
        "owner": "Frick90",
        "wins": 12,
        "losses": 7,
        "PF": 3996.85,
        "playoff_odds": 100.0,
        "seeds": [
            0.0,
            0.0,
            0.0,
            96.77,
            3.15,
            0.08,
            0.0,
            0.0,
            0.0,
            0.0,
            0.0,
            0.0,
            0.0,
            0.0
        ],
        "records": {
            "2-0": {
                "made_playoffs": 50628,
                "total": 50628,
                "odds": 100.0
            },
            "1-1": {
                "made_playoffs": 43197,
                "total": 43197,
                "odds": 100.0
            },
            "0-2": {
                "made_playoffs": 6175,
                "total": 6175,
                "odds": 100.0
            }
        },
        "current_week": {
            "win": {
                "make_playoffs": 84458,
                "total": 84458,
                "odds": 100.0
            },
            "loss": {
                "make_playoffs": 15542,
                "total": 15542,
                "odds": 100.0
            }
        },
        "PF_avg": 210.36052631578946
    },
    "76552": {
        "name": "Josi and the Pussycats",
        "owner": "LeeroyMcNuggs",
        "wins": 11,
        "losses": 8,
        "PF": 3697.65,
        "playoff_odds": 88.3,
        "seeds": [
            0.0,
            0.0,
            0.0,
            3.14,
            65.37,
            19.79,
            8.24,
            3.03,
            0.43,
            0.0,
            0.0,
            0.0,
            0.0,
            0.0
        ],
        "records": {
            "2-0": {
                "made_playoffs": 51588,
                "total": 51588,
                "odds": 100.0
            },
            "1-1": {
                "made_playoffs": 35195,
                "total": 40476,
                "odds": 86.95
            },
            "0-2": {
                "made_playoffs": 1515,
                "total": 7936,
                "odds": 19.09
            }
        },
        "current_week": {
            "win": {
                "make_playoffs": 70342,
                "total": 73221,
                "odds": 96.07
            },
            "loss": {
                "make_playoffs": 17956,
                "total": 26779,
                "odds": 67.05
            }
        },
        "PF_avg": 194.61315789473684
    },
    "76604": {
        "name": "Double Dion",
        "owner": "RandysGut",
        "wins": 10,
        "losses": 9,
        "PF": 3837.6,
        "playoff_odds": 31.57,
        "seeds": [
            0.0,
            0.0,
            0.0,
            0.09,
            7.1,
            24.39,
            33.27,
            28.72,
            6.24,
            0.21,
            0.0,
            0.0,
            0.0,
            0.0
        ],
        "records": {
            "2-0": {
                "made_playoffs": 11941,
                "total": 11959,
                "odds": 99.85
            },
            "1-1": {
                "made_playoffs": 19069,
                "total": 48432,
                "odds": 39.37
            },
            "0-2": {
                "made_playoffs": 560,
                "total": 39609,
                "odds": 1.41
            }
        },
        "current_week": {
            "win": {
                "make_playoffs": 17441,
                "total": 25825,
                "odds": 67.54
            },
            "loss": {
                "make_playoffs": 14129,
                "total": 74175,
                "odds": 19.05
            }
        },
        "PF_avg": 201.97894736842105
    },
    "76505": {
        "name": "Pickled Red Onions",
        "owner": "WalterRaleigh",
        "wins": 10,
        "losses": 9,
        "PF": 3713.15,
        "playoff_odds": 56.84,
        "seeds": [
            0.0,
            0.0,
            0.0,
            0.0,
            19.02,
            37.82,
            23.99,
            13.22,
            4.62,
            1.33,
            0.0,
            0.0,
            0.0,
            0.0
        ],