{
    "63141": {
        "name": "BuckNuts",
        "owner": "mnm501288",
        "wins": 14,
        "losses": 5,
        "PF": 4269.5,
        "playoff_odds": 100.0,
        "seeds": [
            57.44,
            33.53,
            8.76,
            0.26,
            0.01,
            0.0,
            0.0,
            0.0,
            0.0,
            0.0,
            0.0,
            0.0,
            0.0,
            0.0
        ],
        "records": {
            "2-0": {
                "made_playoffs": 30188,
                "total": 30188,
                "odds": 100.0
            },
            "1-1": {
                "made_playoffs": 51440,
                "total": 51440,
                "odds": 100.0
            },
            "0-2": {
                "made_playoffs": 18372,
                "total": 18372,
                "odds": 100.0
            }
        },
        "current_week": {
            "win": {
                "make_playoffs": 46026,
                "total": 46026,
                "odds": 100.0
            },
            "loss": {
                "make_playoffs": 53974,
                "total": 53974,
                "odds": 100.0
            }
        },
        "PF_avg": 224.71052631578948
    },
    "63303": {
        "name": "Hockey Style",
        "owner": "tgmills",
        "wins": 13,
        "losses": 6,
        "PF": 4372.45,
        "playoff_odds": 100.0,
        "seeds": [
            40.03,
            26.86,
            24.98,
            6.35,
            1.77,
            0.0,
            0.0,
            0.0,
            0.0,
            0.0,
            0.0,
            0.0,
            0.0,
            0.0
        ],
        "records": {
            "2-0": {
                "made_playoffs": 36831,
                "total": 36831,
                "odds": 100.0
            },
            "1-1": {
                "made_playoffs": 48521,
                "total": 48521,
                "odds": 100.0
            },
            "0-2": {
                "made_playoffs": 14648,
                "total": 14648,
                "odds": 100.0
            }
        },
        "current_week": {
            "win": {
                "make_playoffs": 53974,
                "total": 53974,
                "odds": 100.0
            },
            "loss": {
                "make_playoffs": 46026,
                "total": 46026,
                "odds": 100.0
            }
        },
        "PF_avg": 230.12894736842105
    },
    "63145": {
        "name": "Big Stanky Johnstons",
        "owner": "barrill",
        "wins": 12,
        "losses": 7,
        "PF": 4435.35,
        "playoff_odds": 100.0,
        "seeds": [
            2.53,
            34.66,
            30.68,
            20.55,
            11.58,
            0.0,
            0.0,
            0.0,
            0.0,
            0.0,
            0.0,
            0.0,
            0.0,
            0.0
        ],
        "records": {
            "2-0": {
                "made_playoffs": 47459,
                "total": 47459,
                "odds": 100.0
            },
            "1-1": {
                "made_playoffs": 43548,
                "total": 43548,
                "odds": 100.0
            },
            "0-2": {
                "made_playoffs": 8993,
                "total": 8993,
                "odds": 100.0
            }
        },
        "current_week": {
            "win": {
                "make_playoffs": 76235,
                "total": 76235,
                "odds": 100.0
            },
            "loss": {
                "make_playoffs": 23765,
                "total": 23765,
                "odds": 100.0
            }
        },
        "PF_avg": 233.43947368421055
    },
    "63133": {
        "name": "Shesterkin My Knob",
        "owner": "gumbosious",
        "wins": 12,
        "losses": 7,
        "PF": 4094.25,
        "playoff_odds": 99.8,
        "seeds": [
            0.0,
            2.88,
            19.76,
            40.42,
            34.68,
            2.06,
            0.2,
            0.0,
            0.0,
            0.0,
            0.0,
            0.0,
            0.0,
            0.0
        ],
        "records": {
            "2-0": {
                "made_playoffs": 38091,
                "total": 38091,
                "odds": 100.0
            },
            "1-1": {
                "made_playoffs": 47323,
                "total": 47323,
                "odds": 100.0
            },
            "0-2": {
                "made_playoffs": 14383,
                "total": 14586,
                "odds": 98.61
            }
        },
        "current_week": {
            "win": {
                "make_playoffs": 62289,
                "total": 62289,
                "odds": 100.0
            },
            "loss": {
                "make_playoffs": 37508,
                "total": 37711,
                "odds": 99.46
            }
        },
        "PF_avg": 215.48684210526315
    },
    "63134": {
        "name": "Big manly man driving a porsche",
        "owner": "TooManyPuppies",
        "wins": 12,
        "losses": 7,
        "PF": 4063.9,
        "playoff_odds": 99.58,
        "seeds": [
            0.0,
            2.07,
            15.82,
            32.13,
            46.05,
            3.52,
            0.42,
            0.0,
            0.0,
            0.0,
            0.0,
            0.0,
            0.0,
            0.0
        ],
        "records": {
            "2-0": {
                "made_playoffs": 36057,
                "total": 36057,
                "odds": 100.0
            },
            "1-1": {
                "made_playoffs": 48140,
                "total": 48140,
                "odds": 100.0
            },
            "0-2": {
                "made_playoffs": 15384,
                "total": 15803,
                "odds": 97.35
            }
        },
        "current_week": {
            "win": {
                "make_playoffs": 58886,
                "total": 58886,
                "odds": 100.0
            },
            "loss": {
                "make_playoffs": 40695,
                "total": 41114,
                "odds": 98.98
            }
        },
        "PF_avg": 213.88947368421054
    },
    "63171": {
        "name": "Solar Bears",
        "owner": "friendo",
        "wins": 10,
        "losses": 9,
        "PF": 3986.75,
        "playoff_odds": 43.85,
        "seeds": [
            0.0,
            0.0,
            0.0,
            0.18,
            3.51,
            40.16,
            28.7,
            17.03,
            9.75,
            0.66,
            0.0,
            0.0,
            0.0,
            0.0
        ],
        "records": {
            "2-0": {
                "made_playoffs": 25854,
                "total": 28644,
                "odds": 90.26
            },
            "1-1": {
                "made_playoffs": 17998,
                "total": 49732,
                "odds": 36.19
            },
            "0-2": {
                "made_playoffs": 0,
                "total": 21624,
                "odds": 0.0
            }
        },
        "current_week": {
            "win": {
                "make_playoffs": 34340,
                "total": 54499,
                "odds": 63.01
            },
            "loss": {
                "make_playoffs": 9512,
                "total": 45501,
                "odds": 20.91
            }
        },
        "PF_avg": 209.82894736842104
    },
    "63158": {
        "name": "I'm Bettman",
        "owner": "itsme242",
        "wins": 10,
        "losses": 9,
        "PF": 3963.65,
        "playoff_odds": 37.72,
        "seeds": [
            0.0,
            0.0,
            0.0,
            0.1,
            2.41,
            35.21,
            34.25,
            16.46,
            10.72,
            0.84,
            0.0,
            0.0,
            0.0,
            0.0
        ],