{
    "63207": {
        "name": "Dumpster Fire Brigade",
        "owner": "stroopwafels",
        "wins": 14,
        "losses": 5,
        "PF": 4075.55,
        "playoff_odds": 100.0,
        "seeds": [
            93.35,
            4.41,
            1.85,
            0.39,
            0.0,
            0.0,
            0.0,
            0.0,
            0.0,
            0.0,
            0.0,
            0.0,
            0.0,
            0.0
        ],
        "records": {
            "2-0": {
                "made_playoffs": 46935,
                "total": 46935,
                "odds": 100.0
            },
            "1-1": {
                "made_playoffs": 45901,
                "total": 45901,
                "odds": 100.0
            },
            "0-2": {
                "made_playoffs": 7164,
                "total": 7164,
                "odds": 100.0
            }
        },
        "current_week": {
            "win": {
                "make_playoffs": 83778,
                "total": 83778,
                "odds": 100.0
            },
            "loss": {
                "make_playoffs": 16222,
                "total": 16222,
                "odds": 100.0
            }
        },
        "PF_avg": 214.5026315789474
    },
    "63226": {
        "name": "Gelvum Gladiators",
        "owner": "Odin_Hoffman",
        "wins": 13,
        "losses": 6,
        "PF": 3935.05,
        "playoff_odds": 99.85,
        "seeds": [
            3.56,
            44.3,
            24.78,
            14.33,
            9.38,
            3.5,
            0.15,
            0.0,
            0.0,
            0.0,
            0.0,
            0.0,
            0.0,
            0.0
        ],
        "records": {
            "2-0": {
                "made_playoffs": 35605,
                "total": 35605,
                "odds": 100.0
            },
            "1-1": {
                "made_playoffs": 49268,
                "total": 49268,
                "odds": 100.0
            },
            "0-2": {
                "made_playoffs": 14981,
                "total": 15127,
                "odds": 99.03
            }
        },
        "current_week": {
            "win": {
                "make_playoffs": 68340,
                "total": 68340,
                "odds": 100.0
            },
            "loss": {
                "make_playoffs": 31514,
                "total": 31660,
                "odds": 99.54
            }
        },
        "PF_avg": 207.10789473684213
    },
    "63219": {
        "name": "Morrie's Wig Shop",
        "owner": "CarneAsadaFrys",
        "wins": 13,
        "losses": 6,
        "PF": 3882.4,
        "playoff_odds": 99.27,
        "seeds": [
            1.66,
            24.99,
            31.66,
            21.63,
            13.26,
            6.07,
            0.73,
            0.0,
            0.0,
            0.0,
            0.0,
            0.0,
            0.0,
            0.0
        ],
        "records": {
            "2-0": {
                "made_playoffs": 29125,
                "total": 29125,
                "odds": 100.0
            },
            "1-1": {
                "made_playoffs": 50965,
                "total": 50965,
                "odds": 100.0
            },
            "0-2": {
                "made_playoffs": 19178,
                "total": 19910,
                "odds": 96.32
            }
        },
        "current_week": {
            "win": {
                "make_playoffs": 46199,
                "total": 46199,
                "odds": 100.0
            },
            "loss": {
                "make_playoffs": 53069,
                "total": 53801,
                "odds": 98.64
            }
        },
        "PF_avg": 204.33684210526317
    },
    "63316": {
        "name": "The Toronto Maple Leafs are a Baseball team.",
        "owner": "Swankey",
        "wins": 13,
        "losses": 6,
        "PF": 3722.15,
        "playoff_odds": 99.74,
        "seeds": [
            1.39,
            20.11,
            26.68,
            33.77,
            14.12,
            3.66,
            0.26,
            0.0,
            0.0,
            0.0,
            0.0,
            0.0,
            0.0,
            0.0
        ],
        "records": {
            "2-0": {
                "made_playoffs": 42907,
                "total": 42907,
                "odds": 100.0
            },
            "1-1": {
                "made_playoffs": 45644,
                "total": 45644,
                "odds": 100.0
            },
            "0-2": {
                "made_playoffs": 11188,
                "total": 11449,
                "odds": 97.72
            }
        },
        "current_week": {
            "win": {
                "make_playoffs": 70342,
                "total": 70342,
                "odds": 100.0
            },
            "loss": {
                "make_playoffs": 29397,
                "total": 29658,
                "odds": 99.12
            }
        },
        "PF_avg": 195.90263157894736
    },
    "63182": {
        "name": "Ponch",
        "owner": "ponch101",
        "wins": 12,
        "losses": 7,
        "PF": 3878.4,
        "playoff_odds": 81.81,
        "seeds": [
            0.03,
            6.06,
            12.68,
            16.31,
            29.84,
            16.87,
            16.75,
            1.45,
            0.0,
            0.0,
            0.0,
            0.0,
            0.0,
            0.0
        ],
        "records": {
            "2-0": {
                "made_playoffs": 30008,
                "total": 30008,
                "odds": 100.0
            },
            "1-1": {
                "made_playoffs": 49428,
                "total": 50554,
                "odds": 97.77
            },
            "0-2": {
                "made_playoffs": 2370,
                "total": 19438,
                "odds": 12.19
            }
        },
        "current_week": {
            "win": {
                "make_playoffs": 62708,
                "total": 62708,
                "odds": 100.0
            },
            "loss": {
                "make_playoffs": 19098,
                "total": 37292,
                "odds": 51.21
            }
        },
        "PF_avg": 204.1263157894737
    },
    "63188": {
        "name": "Eklund's 14",
        "owner": "Kiwsu",
        "wins": 12,
        "losses": 7,
        "PF": 3524.15,
        "playoff_odds": 51.63,
        "seeds": [
            0.0,
            0.14,
            1.85,
            7.03,
            12.69,
            29.93,
            42.95,
            5.42,
            0.0,
            0.0,
            0.0,
            0.0,
            0.0,
            0.0
        ],
        "records": {
            "2-0": {
                "made_playoffs": 13761,
                "total": 13761,
                "odds": 100.0
            },
            "1-1": {
                "made_playoffs": 34940,
                "total": 46754,
                "odds": 74.73
            },
            "0-2": {
                "made_playoffs": 2932,
                "total": 39485,
                "odds": 7.43
            }
        },
        "current_week": {
            "win": {
                "make_playoffs": 33383,
                "total": 37292,
                "odds": 89.52
            },
            "loss": {
                "make_playoffs": 18250,
                "total": 62708,
                "odds": 29.1
            }
        },
        "PF_avg": 185.48157894736843
    },
    "63590": {
        "name": "Kuch ma dawg",
        "owner": "Wuibot",
        "wins": 11,
        "losses": 8,
        "PF": 4183.85,
        "playoff_odds": 63.1,
        "seeds": [
            0.0,
            0.0,
            0.5,
            6.55,
            20.7,
            35.35,
            27.74,
            9.16,
            0.0,
            0.0,
            0.0,
            0.0,
            0.0,
            0.0
        ],