{
    "62751": {
        "name": "Hockey Style",
        "owner": "tgmills",
        "wins": 15,
        "losses": 4,
        "PF": 4391.25,
        "playoff_odds": 100.0,
        "seeds": [
            99.87,
            0.13,
            0.0,
            0.0,
            0.0,
            0.0,
            0.0,
            0.0,
            0.0,
            0.0,
            0.0,
            0.0,
            0.0,
            0.0
        ],
        "records": {
            "2-0": {
                "made_playoffs": 34478,
                "total": 34478,
                "odds": 100.0
            },
            "1-1": {
                "made_playoffs": 48370,
                "total": 48370,
                "odds": 100.0
            },
            "0-2": {
                "made_playoffs": 17152,
                "total": 17152,
                "odds": 100.0
            }
        },
        "current_week": {
            "win": {
                "make_playoffs": 57658,
                "total": 57658,
                "odds": 100.0
            },
            "loss": {
                "make_playoffs": 42342,
                "total": 42342,
                "odds": 100.0
            }
        },
        "PF_avg": 231.1184210526316
    },
    "62757": {
        "name": "Fantilli Lace",
        "owner": "Uncledonny",
        "wins": 13,
        "losses": 6,
        "PF": 4191.55,
        "playoff_odds": 100.0,
        "seeds": [
            0.13,
            62.04,
            22.79,
            10.68,
            4.36,
            0.0,
            0.0,
            0.0,
            0.0,
            0.0,
            0.0,
            0.0,
            0.0,
            0.0
        ],
        "records": {
            "2-0": {
                "made_playoffs": 31146,
                "total": 31146,
                "odds": 100.0
            },
            "1-1": {
                "made_playoffs": 49670,
                "total": 49670,
                "odds": 100.0
            },
            "0-2": {
                "made_playoffs": 19184,
                "total": 19184,
                "odds": 100.0
            }
        },
        "current_week": {
            "win": {
                "make_playoffs": 51427,
                "total": 51427,
                "odds": 100.0
            },
            "loss": {
                "make_playoffs": 48573,
                "total": 48573,
                "odds": 100.0
            }
        },
        "PF_avg": 220.60789473684213
    },
    "62749": {
        "name": "Tarasenkyu Very Much",
        "owner": "ch1zzle",
        "wins": 12,
        "losses": 7,
        "PF": 4211.85,
        "playoff_odds": 100.0,
        "seeds": [
            0.0,
            22.57,
            39.48,
            28.57,
            9.38,
            0.0,
            0.0,
            0.0,
            0.0,
            0.0,
            0.0,
            0.0,
            0.0,
            0.0
        ],
        "records": {
            "2-0": {
                "made_playoffs": 32766,
                "total": 32766,
                "odds": 100.0
            },
            "1-1": {
                "made_playoffs": 48783,
                "total": 48783,
                "odds": 100.0
            },
            "0-2": {
                "made_playoffs": 18451,
                "total": 18451,
                "odds": 100.0
            }
        },
        "current_week": {
            "win": {
                "make_playoffs": 56174,
                "total": 56174,
                "odds": 100.0
            },
            "loss": {
                "make_playoffs": 43826,
                "total": 43826,
                "odds": 100.0
            }
        },
        "PF_avg": 221.6763157894737
    },
    "62768": {
        "name": "Valeri Knies! I Like!",
        "owner": "GusZ",
        "wins": 12,
        "losses": 7,
        "PF": 4185.6,
        "playoff_odds": 100.0,
        "seeds": [
            0.0,
            13.35,
            29.23,
            40.82,
            16.6,
            0.01,
            0.0,
            0.0,
            0.0,
            0.0,
            0.0,
            0.0,
            0.0,
            0.0
        ],
        "records": {
            "2-0": {
                "made_playoffs": 23577,
                "total": 23577,
                "odds": 100.0
            },
            "1-1": {
                "made_playoffs": 50859,
                "total": 50859,
                "odds": 100.0
            },
            "0-2": {
                "made_playoffs": 25564,
                "total": 25564,
                "odds": 100.0
            }
        },
        "current_week": {
            "win": {
                "make_playoffs": 42342,
                "total": 42342,
                "odds": 100.0
            },
            "loss": {
                "make_playoffs": 57658,
                "total": 57658,
                "odds": 100.0
            }
        },
        "PF_avg": 220.2947368421053
    },
    "62779": {
        "name": "Cow Tipping Mafia",
        "owner": "ImminentFate",
        "wins": 11,
        "losses": 8,
        "PF": 4147.65,
        "playoff_odds": 96.43,
        "seeds": [
            0.0,
            1.91,
            8.51,
            19.93,
            56.33,
            9.76,
            3.21,
            0.36,
            0.0,
            0.0,
            0.0,
            0.0,
            0.0,
            0.0
        ],
        "records": {
            "2-0": {
                "made_playoffs": 27949,
                "total": 27949,
                "odds": 100.0
            },
            "1-1": {
                "made_playoffs": 50101,
                "total": 50101,
                "odds": 100.0
            },
            "0-2": {
                "made_playoffs": 18383,
                "total": 21950,
                "odds": 83.75
            }
        },
        "current_week": {
            "win": {
                "make_playoffs": 48573,
                "total": 48573,
                "odds": 100.0
            },
            "loss": {
                "make_playoffs": 47860,
                "total": 51427,
                "odds": 93.06
            }
        },
        "PF_avg": 218.29736842105262
    },
    "62750": {
        "name": "The Life of Ahogirl",
        "owner": "akacesfan",
        "wins": 10,
        "losses": 9,
        "PF": 3899.25,
        "playoff_odds": 42.43,
        "seeds": [
            0.0,
            0.0,
            0.0,
            0.0,
            4.2,
            38.23,
            28.34,
            22.69,
            6.06,
            0.48,
            0.0,
            0.0,
            0.0,
            0.0
        ],
        "records": {
            "2-0": {
                "made_playoffs": 18799,
                "total": 18799,
                "odds": 100.0
            },
            "1-1": {
                "made_playoffs": 23142,
                "total": 49830,
                "odds": 46.44
            },
            "0-2": {
                "made_playoffs": 491,
                "total": 31371,
                "odds": 1.57
            }
        },
        "current_week": {
            "win": {
                "make_playoffs": 32374,
                "total": 47963,
                "odds": 67.5
            },
            "loss": {
                "make_playoffs": 10058,
                "total": 52037,
                "odds": 19.33
            }
        },
        "PF_avg": 205.22368421052633
    },
    "62775": {
        "name": "I'd Rather Be Gooning",
        "owner": "IAmABulldozer",
        "wins": 9,
        "losses": 10,
        "PF": 4287.05,
        "playoff_odds": 43.09,
        "seeds": [
            0.0,
            0.0,
            0.0,
            0.0,
            6.66,
            36.44,
            35.05,
            15.32,
            5.6,
            0.93,
            0.0,
            0.0,
            0.0,
            0.0
        ],