{
    "63351": {
        "name": "Tkachuk Norris",
        "owner": "GoodLeftUndone",
        "wins": 16,
        "losses": 3,
        "PF": 4276.75,
        "playoff_odds": 100.0,
        "seeds": [
            98.3,
            1.12,
            0.58,
            0.0,
            0.0,
            0.0,
            0.0,
            0.0,
            0.0,
            0.0,
            0.0,
            0.0,
            0.0,
            0.0
        ],
        "records": {
            "2-0": {
                "made_playoffs": 71756,
                "total": 71756,
                "odds": 100.0
            },
            "1-1": {
                "made_playoffs": 26025,
                "total": 26025,
                "odds": 100.0
            },
            "0-2": {
                "made_playoffs": 2219,
                "total": 2219,
                "odds": 100.0
            }
        },
        "current_week": {
            "win": {
                "make_playoffs": 87950,
                "total": 87950,
                "odds": 100.0
            },
            "loss": {
                "make_playoffs": 12050,
                "total": 12050,
                "odds": 100.0
            }
        },
        "PF_avg": 225.0921052631579
    },
    "63470": {
        "name": "Gritty's Angels",
        "owner": "BigT4195",
        "wins": 15,
        "losses": 4,
        "PF": 3878.3,
        "playoff_odds": 100.0,
        "seeds": [
            1.17,
            62.05,
            36.77,
            0.02,
            0.0,
            0.0,
            0.0,
            0.0,
            0.0,
            0.0,
            0.0,
            0.0,
            0.0,
            0.0
        ],
        "records": {
            "2-0": {
                "made_playoffs": 54621,
                "total": 54621,
                "odds": 100.0
            },
            "1-1": {
                "made_playoffs": 40042,
                "total": 40042,
                "odds": 100.0
            },
            "0-2": {
                "made_playoffs": 5337,
                "total": 5337,
                "odds": 100.0
            }
        },
        "current_week": {
            "win": {
                "make_playoffs": 64473,
                "total": 64473,
                "odds": 100.0
            },
            "loss": {
                "make_playoffs": 35527,
                "total": 35527,
                "odds": 100.0
            }
        },
        "PF_avg": 204.12105263157895
    },
    "63444": {
        "name": "Haychan",
        "owner": "Haychan",
        "wins": 14,
        "losses": 5,
        "PF": 4211.75,
        "playoff_odds": 100.0,
        "seeds": [
            0.53,
            36.83,
            61.85,
            0.78,
            0.0,
            0.0,
            0.0,
            0.0,
            0.0,
            0.0,
            0.0,
            0.0,
            0.0,
            0.0
        ],
        "records": {
            "2-0": {
                "made_playoffs": 78818,
                "total": 78818,
                "odds": 100.0
            },
            "1-1": {
                "made_playoffs": 20026,
                "total": 20026,
                "odds": 100.0
            },
            "0-2": {
                "made_playoffs": 1156,
                "total": 1156,
                "odds": 100.0
            }
        },
        "current_week": {
            "win": {
                "make_playoffs": 91015,
                "total": 91015,
                "odds": 100.0
            },
            "loss": {
                "make_playoffs": 8985,
                "total": 8985,
                "odds": 100.0
            }
        },
        "PF_avg": 221.67105263157896
    },
    "63265": {
        "name": "Hitmen",
        "owner": "MikeP254",
        "wins": 13,
        "losses": 6,
        "PF": 3635.45,
        "playoff_odds": 100.0,
        "seeds": [
            0.0,
            0.0,
            0.56,
            76.07,
            23.37,
            0.0,
            0.0,
            0.0,
            0.0,
            0.0,
            0.0,
            0.0,
            0.0,
            0.0
        ],
        "records": {
            "2-0": {
                "made_playoffs": 49089,
                "total": 49089,
                "odds": 100.0
            },
            "1-1": {
                "made_playoffs": 42907,
                "total": 42907,
                "odds": 100.0
            },
            "0-2": {
                "made_playoffs": 8004,
                "total": 8004,
                "odds": 100.0
            }
        },
        "current_week": {
            "win": {
                "make_playoffs": 78552,
                "total": 78552,
                "odds": 100.0
            },
            "loss": {
                "make_playoffs": 21448,
                "total": 21448,
                "odds": 100.0
            }
        },
        "PF_avg": 191.3394736842105
    },
    "63250": {
        "name": "Guenther's Guns",
        "owner": "Ryachu",
        "wins": 13,
        "losses": 6,
        "PF": 3286.2,
        "playoff_odds": 100.0,
        "seeds": [
            0.0,
            0.0,
            0.23,
            23.14,
            76.63,
            0.0,
            0.0,
            0.0,
            0.0,
            0.0,
            0.0,
            0.0,
            0.0,
            0.0
        ],
        "records": {
            "2-0": {
                "made_playoffs": 19560,
                "total": 19560,
                "odds": 100.0
            },
            "1-1": {
                "made_playoffs": 50454,
                "total": 50454,
                "odds": 100.0
            },
            "0-2": {
                "made_playoffs": 29986,
                "total": 29986,
                "odds": 100.0
            }
        },
        "current_week": {
            "win": {
                "make_playoffs": 52107,
                "total": 52107,
                "odds": 100.0
            },
            "loss": {
                "make_playoffs": 47893,
                "total": 47893,
                "odds": 100.0
            }
        },
        "PF_avg": 172.9578947368421
    },
    "63286": {
        "name": "Toews'd & Kane-fused",
        "owner": "rocking2rush10",
        "wins": 10,
        "losses": 9,
        "PF": 3474.95,
        "playoff_odds": 62.25,
        "seeds": [
            0.0,
            0.0,
            0.0,
            0.0,
            0.0,
            62.25,
            36.33,
            1.4,
            0.03,
            0.0,
            0.0,
            0.0,
            0.0,
            0.0
        ],
        "records": {
            "2-0": {
                "made_playoffs": 31181,
                "total": 31753,
                "odds": 98.2
            },
            "1-1": {
                "made_playoffs": 30890,
                "total": 61296,
                "odds": 50.39
            },
            "0-2": {
                "made_playoffs": 179,
                "total": 6951,
                "odds": 2.58
            }
        },
        "current_week": {
            "win": {
                "make_playoffs": 33073,
                "total": 35527,
                "odds": 93.09
            },
            "loss": {
                "make_playoffs": 29177,
                "total": 64473,
                "odds": 45.25
            }
        },
        "PF_avg": 182.89210526315787
    },
    "63259": {
        "name": "\ud83c\udfb5 H-O-T  T-O  G-O-A-L \ud83c\udfb5",
        "owner": "samesiez",
        "wins": 10,
        "losses": 9,
        "PF": 3368.05,
        "playoff_odds": 37.43,
        "seeds": [
            0.0,
            0.0,
            0.0,
            0.0,
            0.0,
            37.43,
            57.78,
            4.44,
            0.35,
            0.0,
            0.0,
            0.0,
            0.0,
            0.0
        ],