{
    "63135": {
        "name": "Bang Bang Haoxi Wang",
        "owner": "DeliveryDuck",
        "wins": 14,
        "losses": 5,
        "PF": 4183.85,
        "playoff_odds": 100.0,
        "seeds": [
            49.5,
            30.85,
            17.58,
            2.07,
            0.0,
            0.0,
            0.0,
            0.0,
            0.0,
            0.0,
            0.0,
            0.0,
            0.0,
            0.0
        ],
        "records": {
            "2-0": {
                "made_playoffs": 25964,
                "total": 25964,
                "odds": 100.0
            },
            "1-1": {
                "made_playoffs": 50980,
                "total": 50980,
                "odds": 100.0
            },
            "0-2": {
                "made_playoffs": 23056,
                "total": 23056,
                "odds": 100.0
            }
        },
        "current_week": {
            "win": {
                "make_playoffs": 58497,
                "total": 58497,
                "odds": 100.0
            },
            "loss": {
                "make_playoffs": 41503,
                "total": 41503,
                "odds": 100.0
            }
        },
        "PF_avg": 220.20263157894738
    },
    "63174": {
        "name": "Vancity Express",
        "owner": "nickfrompitt",
        "wins": 13,
        "losses": 6,
        "PF": 4335.05,
        "playoff_odds": 100.0,
        "seeds": [
            44.63,
            30.75,
            20.4,
            4.09,
            0.13,
            0.0,
            0.0,
            0.0,
            0.0,
            0.0,
            0.0,
            0.0,
            0.0,
            0.0
        ],
        "records": {
            "2-0": {
                "made_playoffs": 40328,
                "total": 40328,
                "odds": 100.0
            },
            "1-1": {
                "made_playoffs": 47518,
                "total": 47518,
                "odds": 100.0
            },
            "0-2": {
                "made_playoffs": 12154,
                "total": 12154,
                "odds": 100.0
            }
        },
        "current_week": {
            "win": {
                "make_playoffs": 72585,
                "total": 72585,
                "odds": 100.0
            },
            "loss": {
                "make_playoffs": 27415,
                "total": 27415,
                "odds": 100.0
            }
        },
        "PF_avg": 228.1605263157895
    },
    "63176": {
        "name": "Ovi's Super Soft Retirement Party",
        "owner": "TooManyPuppies",
        "wins": 13,
        "losses": 6,
        "PF": 4140.65,
        "playoff_odds": 99.75,
        "seeds": [
            5.82,
            28.6,
            33.68,
            20.87,
            8.3,
            2.49,
            0.25,
            0.0,
            0.0,
            0.0,
            0.0,
            0.0,
            0.0,
            0.0
        ],
        "records": {
            "2-0": {
                "made_playoffs": 30619,
                "total": 30619,
                "odds": 100.0
            },
            "1-1": {
                "made_playoffs": 50491,
                "total": 50491,
                "odds": 100.0
            },
            "0-2": {
                "made_playoffs": 18643,
                "total": 18890,
                "odds": 98.69
            }
        },
        "current_week": {
            "win": {
                "make_playoffs": 48818,
                "total": 48818,
                "odds": 100.0
            },
            "loss": {
                "make_playoffs": 50935,
                "total": 51182,
                "odds": 99.52
            }
        },
        "PF_avg": 217.92894736842103
    },
    "63166": {
        "name": "D3 fodder",
        "owner": "costcostan",
        "wins": 12,
        "losses": 7,
        "PF": 4168.2,
        "playoff_odds": 94.1,
        "seeds": [
            0.06,
            9.35,
            22.07,
            30.36,
            19.05,
            13.21,
            5.9,
            0.0,
            0.0,
            0.0,
            0.0,
            0.0,
            0.0,
            0.0
        ],
        "records": {
            "2-0": {
                "made_playoffs": 29525,
                "total": 29525,
                "odds": 100.0
            },
            "1-1": {
                "made_playoffs": 49737,
                "total": 49859,
                "odds": 99.76
            },
            "0-2": {
                "made_playoffs": 14839,
                "total": 20616,
                "odds": 71.98
            }
        },
        "current_week": {
            "win": {
                "make_playoffs": 51061,
                "total": 51182,
                "odds": 99.76
            },
            "loss": {
                "make_playoffs": 43040,
                "total": 48818,
                "odds": 88.16
            }
        },
        "PF_avg": 219.37894736842105
    },
    "63143": {
        "name": "Chicken and Raffls",
        "owner": "funkyquasar",
        "wins": 12,
        "losses": 7,
        "PF": 3954.8,
        "playoff_odds": 69.87,
        "seeds": [
            0.0,
            0.44,
            4.8,
            16.71,
            19.83,
            28.09,
            30.13,
            0.0,
            0.0,
            0.0,
            0.0,
            0.0,
            0.0,
            0.0
        ],
        "records": {
            "2-0": {
                "made_playoffs": 17453,
                "total": 17453,
                "odds": 100.0
            },
            "1-1": {
                "made_playoffs": 43330,
                "total": 48870,
                "odds": 88.66
            },
            "0-2": {
                "made_playoffs": 9089,
                "total": 33677,
                "odds": 26.99
            }
        },
        "current_week": {
            "win": {
                "make_playoffs": 37831,
                "total": 41503,
                "odds": 91.15
            },
            "loss": {
                "make_playoffs": 32041,
                "total": 58497,
                "odds": 54.77
            }
        },
        "PF_avg": 208.14736842105265
    },
    "63232": {
        "name": "Democratic People's Republic of Kariya",
        "owner": "kjohnm",
        "wins": 11,
        "losses": 8,
        "PF": 4148.9,
        "playoff_odds": 82.85,
        "seeds": [
            0.0,
            0.01,
            1.34,
            21.12,
            34.67,
            25.71,
            17.15,
            0.0,
            0.0,
            0.0,
            0.0,
            0.0,
            0.0,
            0.0
        ],
        "records": {
            "2-0": {
                "made_playoffs": 46680,
                "total": 46743,
                "odds": 99.87
            },
            "1-1": {
                "made_playoffs": 34518,
                "total": 43485,
                "odds": 79.38
            },
            "0-2": {
                "made_playoffs": 1654,
                "total": 9772,
                "odds": 16.93
            }
        },
        "current_week": {
            "win": {
                "make_playoffs": 65821,
                "total": 70742,
                "odds": 93.04
            },
            "loss": {
                "make_playoffs": 17031,
                "total": 29258,
                "odds": 58.21
            }
        },
        "PF_avg": 218.36315789473682
    },
    "63191": {
        "name": "Denim Chicken",
        "owner": "sleeptalkerz",
        "wins": 11,
        "losses": 8,
        "PF": 4058.8,
        "playoff_odds": 53.42,