{
    "63306": {
        "name": "Byzantine Politics",
        "owner": "sinisstar",
        "wins": 14,
        "losses": 5,
        "PF": 4333.95,
        "playoff_odds": 100.0,
        "seeds": [
            100.0,
            0.01,
            0.0,
            0.0,
            0.0,
            0.0,
            0.0,
            0.0,
            0.0,
            0.0,
            0.0,
            0.0,
            0.0,
            0.0
        ],
        "records": {
            "2-0": {
                "made_playoffs": 25136,
                "total": 25136,
                "odds": 100.0
            },
            "1-1": {
                "made_playoffs": 49754,
                "total": 49754,
                "odds": 100.0
            },
            "0-2": {
                "made_playoffs": 25110,
                "total": 25110,
                "odds": 100.0
            }
        },
        "current_week": {
            "win": {
                "make_playoffs": 49754,
                "total": 49754,
                "odds": 100.0
            },
            "loss": {
                "make_playoffs": 50246,
                "total": 50246,
                "odds": 100.0
            }
        },
        "PF_avg": 228.10263157894735
    },
    "63341": {
        "name": "One if by Landeskog",
        "owner": "dzibanche",
        "wins": 12,
        "losses": 7,
        "PF": 4095.95,
        "playoff_odds": 100.0,
        "seeds": [
            0.01,
            84.52,
            10.98,
            3.99,
            0.5,
            0.0,
            0.0,
            0.0,
            0.0,
            0.0,
            0.0,
            0.0,
            0.0,
            0.0
        ],
        "records": {
            "2-0": {
                "made_playoffs": 24967,
                "total": 24967,
                "odds": 100.0
            },
            "1-1": {
                "made_playoffs": 49922,
                "total": 49922,
                "odds": 100.0
            },
            "0-2": {
                "made_playoffs": 25111,
                "total": 25111,
                "odds": 100.0
            }
        },
        "current_week": {
            "win": {
                "make_playoffs": 50128,
                "total": 50128,
                "odds": 100.0
            },
            "loss": {
                "make_playoffs": 49872,
                "total": 49872,
                "odds": 100.0
            }
        },
        "PF_avg": 215.57631578947368
    },
    "63307": {
        "name": "Gritty Gritty Bang Bang",
        "owner": "MorphineSmile",
        "wins": 11,
        "losses": 8,
        "PF": 3888.6,
        "playoff_odds": 82.3,
        "seeds": [
            0.0,
            5.63,
            29.73,
            27.04,
            12.48,
            7.42,
            9.66,
            6.45,
            1.51,
            0.08,
            0.0,
            0.0,
            0.0,
            0.0
        ],
        "records": {
            "2-0": {
                "made_playoffs": 24816,
                "total": 24816,
                "odds": 100.0
            },
            "1-1": {
                "made_playoffs": 50158,
                "total": 50244,
                "odds": 99.83
            },
            "0-2": {
                "made_playoffs": 7326,
                "total": 24940,
                "odds": 29.37
            }
        },
        "current_week": {
            "win": {
                "make_playoffs": 50086,
                "total": 50086,
                "odds": 100.0
            },
            "loss": {
                "make_playoffs": 32214,
                "total": 49914,
                "odds": 64.54
            }
        },
        "PF_avg": 204.66315789473683
    },
    "63249": {
        "name": "Rinzel and Repeat",
        "owner": "Edgies",
        "wins": 11,
        "losses": 8,
        "PF": 3868.95,
        "playoff_odds": 81.09,
        "seeds": [
            0.0,
            5.32,
            27.25,
            25.99,
            14.43,
            8.11,
            9.74,
            7.0,
            2.0,
            0.17,
            0.0,
            0.0,
            0.0,
            0.0
        ],
        "records": {
            "2-0": {
                "made_playoffs": 24926,
                "total": 24926,
                "odds": 100.0
            },
            "1-1": {
                "made_playoffs": 49821,
                "total": 49955,
                "odds": 99.73
            },
            "0-2": {
                "made_playoffs": 6342,
                "total": 25119,
                "odds": 25.25
            }
        },
        "current_week": {
            "win": {
                "make_playoffs": 49872,
                "total": 50006,
                "odds": 99.73
            },
            "loss": {
                "make_playoffs": 31217,
                "total": 49994,
                "odds": 62.44
            }
        },
        "PF_avg": 203.62894736842105
    },
    "63215": {
        "name": "Hughes Me",
        "owner": "GoodLeftUndone",
        "wins": 11,
        "losses": 8,
        "PF": 3675.2,
        "playoff_odds": 75.94,
        "seeds": [
            0.0,
            3.63,
            13.72,
            16.82,
            30.42,
            11.36,
            8.93,
            10.14,
            4.34,
            0.64,
            0.0,
            0.0,
            0.0,
            0.0
        ],
        "records": {
            "2-0": {
                "made_playoffs": 25148,
                "total": 25148,
                "odds": 100.0
            },
            "1-1": {
                "made_playoffs": 49079,
                "total": 49940,
                "odds": 98.28
            },
            "0-2": {
                "made_playoffs": 1714,
                "total": 24912,
                "odds": 6.88
            }
        },
        "current_week": {
            "win": {
                "make_playoffs": 49805,
                "total": 50246,
                "odds": 99.12
            },
            "loss": {
                "make_playoffs": 26136,
                "total": 49754,
                "odds": 52.53
            }
        },
        "PF_avg": 193.43157894736842
    },
    "63361": {
        "name": "South Detroit Journeymen",
        "owner": "Scooterkid",
        "wins": 10,
        "losses": 9,
        "PF": 4049.55,
        "playoff_odds": 64.53,
        "seeds": [
            0.0,
            0.89,
            13.75,
            11.21,
            14.68,
            24.0,
            12.42,
            7.71,
            9.88,
            5.27,
            0.18,
            0.0,
            0.0,
            0.0
        ],
        "records": {
            "2-0": {
                "made_playoffs": 24987,
                "total": 24987,
                "odds": 100.0
            },
            "1-1": {
                "made_playoffs": 39296,
                "total": 50267,
                "odds": 78.17
            },
            "0-2": {
                "made_playoffs": 249,
                "total": 24746,
                "odds": 1.01
            }
        },
        "current_week": {
            "win": {
                "make_playoffs": 43829,
                "total": 50042,
                "odds": 87.58
            },
            "loss": {
                "make_playoffs": 20703,
                "total": 49958,
                "odds": 41.44
            }
        },
        "PF_avg": 213.1342105263158
    },
    "63212": {
        "name": "Kyle Dubas",
        "owner": "MrEmail",
        "wins": 10,
        "losses": 9,
        "PF": 3868.1,
        "playoff_odds": 37.54,
        "seeds": [
            0.0,
            0.0,
            4.3,
            11.01,
            8.76,
            13.47,
            23.06,
            14.22,
            10.59,
            11.28,
            3.11,
            0.2,
            0.0,
            0.0
        ],