{
    "62751": {
        "name": "Hockey Style",
        "owner": "tgmills",
        "wins": 15,
        "losses": 4,
        "PF": 4391.25,
        "playoff_odds": 100.0,
        "seeds": [
            99.99,
            0.01,
            0.0,
            0.0,
            0.0,
            0.0,
            0.0,
            0.0,
            0.0,
            0.0,
            0.0,
            0.0,
            0.0,
            0.0
        ],
        "records": {
            "2-0": {
                "made_playoffs": 25013,
                "total": 25013,
                "odds": 100.0
            },
            "1-1": {
                "made_playoffs": 49944,
                "total": 49944,
                "odds": 100.0
            },
            "0-2": {
                "made_playoffs": 25043,
                "total": 25043,
                "odds": 100.0
            }
        },
        "current_week": {
            "win": {
                "make_playoffs": 50067,
                "total": 50067,
                "odds": 100.0
            },
            "loss": {
                "make_playoffs": 49933,
                "total": 49933,
                "odds": 100.0
            }
        },
        "PF_avg": 231.1184210526316
    },
    "62757": {
        "name": "Fantilli Lace",
        "owner": "Uncledonny",
        "wins": 13,
        "losses": 6,
        "PF": 4191.55,
        "playoff_odds": 100.0,
        "seeds": [
            0.01,
            68.27,
            21.71,
            8.59,
            1.41,
            0.0,
            0.0,
            0.0,
            0.0,
            0.0,
            0.0,
            0.0,
            0.0,
            0.0
        ],
        "records": {
            "2-0": {
                "made_playoffs": 24745,
                "total": 24745,
                "odds": 100.0
            },
            "1-1": {
                "made_playoffs": 50069,
                "total": 50069,
                "odds": 100.0
            },
            "0-2": {
                "made_playoffs": 25186,
                "total": 25186,
                "odds": 100.0
            }
        },
        "current_week": {
            "win": {
                "make_playoffs": 49758,
                "total": 49758,
                "odds": 100.0
            },
            "loss": {
                "make_playoffs": 50242,
                "total": 50242,
                "odds": 100.0
            }
        },
        "PF_avg": 220.60789473684213
    },
    "62749": {
        "name": "Tarasenkyu Very Much",
        "owner": "ch1zzle",
        "wins": 12,
        "losses": 7,
        "PF": 4211.85,
        "playoff_odds": 100.0,
        "seeds": [
            0.0,
            17.68,
            39.38,
            34.26,
            8.68,
            0.0,
            0.0,
            0.0,
            0.0,
            0.0,
            0.0,
            0.0,
            0.0,
            0.0
        ],
        "records": {
            "2-0": {
                "made_playoffs": 24931,
                "total": 24931,
                "odds": 100.0
            },
            "1-1": {
                "made_playoffs": 50076,
                "total": 50076,
                "odds": 100.0
            },
            "0-2": {
                "made_playoffs": 24993,
                "total": 24993,
                "odds": 100.0
            }
        },
        "current_week": {
            "win": {
                "make_playoffs": 49959,
                "total": 49959,
                "odds": 100.0
            },
            "loss": {
                "make_playoffs": 50041,
                "total": 50041,
                "odds": 100.0
            }
        },
        "PF_avg": 221.6763157894737
    },
    "62768": {
        "name": "Valeri Knies! I Like!",
        "owner": "GusZ",
        "wins": 12,
        "losses": 7,
        "PF": 4185.6,
        "playoff_odds": 100.0,
        "seeds": [
            0.0,
            13.21,
            33.97,
            41.34,
            11.48,
            0.0,
            0.0,
            0.0,
            0.0,
            0.0,
            0.0,
            0.0,
            0.0,
            0.0
        ],
        "records": {
            "2-0": {
                "made_playoffs": 25042,
                "total": 25042,
                "odds": 100.0
            },
            "1-1": {
                "made_playoffs": 49880,
                "total": 49880,
                "odds": 100.0
            },
            "0-2": {
                "made_playoffs": 25078,
                "total": 25078,
                "odds": 100.0
            }
        },
        "current_week": {
            "win": {
                "make_playoffs": 49933,
                "total": 49933,
                "odds": 100.0
            },
            "loss": {
                "make_playoffs": 50067,
                "total": 50067,
                "odds": 100.0
            }
        },
        "PF_avg": 220.2947368421053
    },
    "62779": {
        "name": "Cow Tipping Mafia",
        "owner": "ImminentFate",
        "wins": 11,
        "losses": 8,
        "PF": 4147.65,
        "playoff_odds": 97.5,
        "seeds": [
            0.0,
            0.83,
            4.93,
            15.82,
            66.09,
            9.83,
            2.35,
            0.16,
            0.0,
            0.0,
            0.0,
            0.0,
            0.0,
            0.0
        ],
        "records": {
            "2-0": {
                "made_playoffs": 25229,
                "total": 25229,
                "odds": 100.0
            },
            "1-1": {
                "made_playoffs": 49863,
                "total": 49863,
                "odds": 100.0
            },
            "0-2": {
                "made_playoffs": 22405,
                "total": 24908,
                "odds": 89.95
            }
        },
        "current_week": {
            "win": {
                "make_playoffs": 50242,
                "total": 50242,
                "odds": 100.0
            },
            "loss": {
                "make_playoffs": 47255,
                "total": 49758,
                "odds": 94.97
            }
        },
        "PF_avg": 218.29736842105262
    },
    "62750": {
        "name": "The Life of Ahogirl",
        "owner": "akacesfan",
        "wins": 10,
        "losses": 9,
        "PF": 3899.25,
        "playoff_odds": 53.74,
        "seeds": [
            0.0,
            0.0,
            0.0,
            0.0,
            6.29,
            47.46,
            24.52,
            16.1,
            5.12,
            0.51,
            0.0,
            0.0,
            0.0,
            0.0
        ],
        "records": {
            "2-0": {
                "made_playoffs": 25158,
                "total": 25158,
                "odds": 100.0
            },
            "1-1": {
                "made_playoffs": 27923,
                "total": 49810,
                "odds": 56.06
            },
            "0-2": {
                "made_playoffs": 664,
                "total": 25032,
                "odds": 2.65
            }
        },
        "current_week": {
            "win": {
                "make_playoffs": 38995,
                "total": 49927,
                "odds": 78.1
            },
            "loss": {
                "make_playoffs": 14750,
                "total": 50073,
                "odds": 29.46
            }
        },
        "PF_avg": 205.22368421052633
    },
    "62775": {
        "name": "I'd Rather Be Gooning",
        "owner": "IAmABulldozer",
        "wins": 9,
        "losses": 10,
        "PF": 4287.05,
        "playoff_odds": 29.54,
        "seeds": [
            0.0,
            0.0,
            0.0,
            0.0,
            4.54,
            25.0,
            38.17,
            19.88,
            10.0,
            2.41,
            0.0,
            0.0,
            0.0,
            0.0
        ],