{
    "62768": {
        "name": "Arshdeep in Gold",
        "owner": "GusZ",
        "wins": 15,
        "losses": 4,
        "PF": 4447.4,
        "playoff_odds": 100.0,
        "seeds": [
            67.44,
            32.56,
            0.0,
            0.0,
            0.0,
            0.0,
            0.0,
            0.0,
            0.0,
            0.0,
            0.0,
            0.0,
            0.0,
            0.0
        ],
        "records": {
            "2-0": {
                "made_playoffs": 43434,
                "total": 43434,
                "odds": 100.0
            },
            "1-1": {
                "made_playoffs": 45031,
                "total": 45031,
                "odds": 100.0
            },
            "0-2": {
                "made_playoffs": 11535,
                "total": 11535,
                "odds": 100.0
            }
        },
        "current_week": {
            "win": {
                "make_playoffs": 69253,
                "total": 69253,
                "odds": 100.0
            },
            "loss": {
                "make_playoffs": 30747,
                "total": 30747,
                "odds": 100.0
            }
        },
        "PF_avg": 234.0736842105263
    },
    "62749": {
        "name": "Tarasenkyu Very Much",
        "owner": "ch1zzle",
        "wins": 14,
        "losses": 5,
        "PF": 4575.2,
        "playoff_odds": 100.0,
        "seeds": [
            32.56,
            67.42,
            0.02,
            0.0,
            0.0,
            0.0,
            0.0,
            0.0,
            0.0,
            0.0,
            0.0,
            0.0,
            0.0,
            0.0
        ],
        "records": {
            "2-0": {
                "made_playoffs": 49164,
                "total": 49164,
                "odds": 100.0
            },
            "1-1": {
                "made_playoffs": 41972,
                "total": 41972,
                "odds": 100.0
            },
            "0-2": {
                "made_playoffs": 8864,
                "total": 8864,
                "odds": 100.0
            }
        },
        "current_week": {
            "win": {
                "make_playoffs": 68261,
                "total": 68261,
                "odds": 100.0
            },
            "loss": {
                "make_playoffs": 31739,
                "total": 31739,
                "odds": 100.0
            }
        },
        "PF_avg": 240.79999999999998
    },
    "62790": {
        "name": "Eat your Cale, kids",
        "owner": "bruinhawks",
        "wins": 12,
        "losses": 7,
        "PF": 4331.8,
        "playoff_odds": 100.0,
        "seeds": [
            0.0,
            0.02,
            83.13,
            13.4,
            3.24,
            0.21,
            0.0,
            0.0,
            0.0,
            0.0,
            0.0,
            0.0,
            0.0,
            0.0
        ],
        "records": {
            "2-0": {
                "made_playoffs": 30115,
                "total": 30115,
                "odds": 100.0
            },
            "1-1": {
                "made_playoffs": 49392,
                "total": 49392,
                "odds": 100.0
            },
            "0-2": {
                "made_playoffs": 20492,
                "total": 20493,
                "odds": 100.0
            }
        },
        "current_week": {
            "win": {
                "make_playoffs": 54792,
                "total": 54792,
                "odds": 100.0
            },
            "loss": {
                "make_playoffs": 45207,
                "total": 45208,
                "odds": 100.0
            }
        },
        "PF_avg": 227.98947368421054
    },
    "62748": {
        "name": "How much wood would a woodtkachuk tkachuk if a woodtkachuk could tkachuk wood",
        "owner": "SPRX97",
        "wins": 11,
        "losses": 8,
        "PF": 4254.35,
        "playoff_odds": 94.42,
        "seeds": [
            0.0,
            0.0,
            12.49,
            50.13,
            20.02,
            11.78,
            4.8,
            0.78,
            0.0,
            0.0,
            0.0,
            0.0,
            0.0,
            0.0
        ],
        "records": {
            "2-0": {
                "made_playoffs": 31866,
                "total": 31866,
                "odds": 100.0
            },
            "1-1": {
                "made_playoffs": 49389,
                "total": 49401,
                "odds": 99.98
            },
            "0-2": {
                "made_playoffs": 13165,
                "total": 18733,
                "odds": 70.28
            }
        },
        "current_week": {
            "win": {
                "make_playoffs": 61445,
                "total": 61457,
                "odds": 99.98
            },
            "loss": {
                "make_playoffs": 32975,
                "total": 38543,
                "odds": 85.55
            }
        },
        "PF_avg": 223.91315789473686
    },
    "62775": {
        "name": "It doesn't even need to make sense. Just noises are fine.",
        "owner": "Kovellen",
        "wins": 11,
        "losses": 8,
        "PF": 4105.7,
        "playoff_odds": 70.43,
        "seeds": [
            0.0,
            0.0,
            2.45,
            13.83,
            35.04,
            19.11,
            22.41,
            6.9,
            0.24,
            0.01,
            0.0,
            0.0,
            0.0,
            0.0
        ],
        "records": {
            "2-0": {
                "made_playoffs": 17261,
                "total": 17261,
                "odds": 100.0
            },
            "1-1": {
                "made_playoffs": 47757,
                "total": 49334,
                "odds": 96.8
            },
            "0-2": {
                "made_playoffs": 5410,
                "total": 33405,
                "odds": 16.2
            }
        },
        "current_week": {
            "win": {
                "make_playoffs": 46502,
                "total": 46502,
                "odds": 100.0
            },
            "loss": {
                "make_playoffs": 23926,
                "total": 53498,
                "odds": 44.72
            }
        },
        "PF_avg": 216.0894736842105
    },
    "62750": {
        "name": "Hillty as Sin?",
        "owner": "akacesfan",
        "wins": 10,
        "losses": 9,
        "PF": 4207.85,
        "playoff_odds": 62.23,
        "seeds": [
            0.0,
            0.0,
            0.85,
            13.92,
            16.96,
            30.5,
            20.48,
            12.39,
            4.4,
            0.48,
            0.01,
            0.0,
            0.0,
            0.0
        ],
        "records": {
            "2-0": {
                "made_playoffs": 28623,
                "total": 28638,
                "odds": 99.95
            },
            "1-1": {
                "made_playoffs": 32811,
                "total": 50150,
                "odds": 65.43
            },
            "0-2": {
                "made_playoffs": 796,
                "total": 21212,
                "odds": 3.75
            }
        },
        "current_week": {
            "win": {
                "make_playoffs": 47907,
                "total": 59102,
                "odds": 81.06
            },
            "loss": {
                "make_playoffs": 14323,
                "total": 40898,
                "odds": 35.02
            }
        },
        "PF_avg": 221.46578947368423
    },
    "62757": {
        "name": "Fantilli Lace",
        "owner": "Uncledonny",
        "wins": 10,
        "losses": 9,
        "PF": 4203.0,
        "playoff_odds": 55.41,