{
    "63308": {
        "name": "Dirty Dangles",
        "owner": "deemgee1",
        "wins": 14,
        "losses": 5,
        "PF": 3999.4,
        "playoff_odds": 100.0,
        "seeds": [
            25.52,
            20.67,
            21.97,
            19.09,
            9.43,
            3.33,
            0.0,
            0.0,
            0.0,
            0.0,
            0.0,
            0.0,
            0.0,
            0.0
        ],
        "records": {
            "2-0": {
                "made_playoffs": 38481,
                "total": 38481,
                "odds": 100.0
            },
            "1-1": {
                "made_playoffs": 48625,
                "total": 48625,
                "odds": 100.0
            },
            "0-2": {
                "made_playoffs": 12894,
                "total": 12894,
                "odds": 100.0
            }
        },
        "current_week": {
            "win": {
                "make_playoffs": 72449,
                "total": 72449,
                "odds": 100.0
            },
            "loss": {
                "make_playoffs": 27551,
                "total": 27551,
                "odds": 100.0
            }
        },
        "PF_avg": 210.49473684210525
    },
    "63242": {
        "name": "Vrana Edler my Oshie",
        "owner": "hattricktre",
        "wins": 14,
        "losses": 5,
        "PF": 3998.9,
        "playoff_odds": 100.0,
        "seeds": [
            19.36,
            16.95,
            22.16,
            19.32,
            13.29,
            8.93,
            0.0,
            0.0,
            0.0,
            0.0,
            0.0,
            0.0,
            0.0,
            0.0
        ],
        "records": {
            "2-0": {
                "made_playoffs": 27744,
                "total": 27744,
                "odds": 100.0
            },
            "1-1": {
                "made_playoffs": 49513,
                "total": 49513,
                "odds": 100.0
            },
            "0-2": {
                "made_playoffs": 22743,
                "total": 22743,
                "odds": 100.0
            }
        },
        "current_week": {
            "win": {
                "make_playoffs": 52965,
                "total": 52965,
                "odds": 100.0
            },
            "loss": {
                "make_playoffs": 47035,
                "total": 47035,
                "odds": 100.0
            }
        },
        "PF_avg": 210.46842105263158
    },
    "63273": {
        "name": "East Coast Bias",
        "owner": "ashcaps",
        "wins": 14,
        "losses": 5,
        "PF": 3995.0,
        "playoff_odds": 100.0,
        "seeds": [
            47.82,
            28.46,
            12.5,
            8.27,
            2.42,
            0.54,
            0.0,
            0.0,
            0.0,
            0.0,
            0.0,
            0.0,
            0.0,
            0.0
        ],
        "records": {
            "2-0": {
                "made_playoffs": 76040,
                "total": 76040,
                "odds": 100.0
            },
            "1-1": {
                "made_playoffs": 22252,
                "total": 22252,
                "odds": 100.0
            },
            "0-2": {
                "made_playoffs": 1708,
                "total": 1708,
                "odds": 100.0
            }
        },
        "current_week": {
            "win": {
                "make_playoffs": 87010,
                "total": 87010,
                "odds": 100.0
            },
            "loss": {
                "make_playoffs": 12990,
                "total": 12990,
                "odds": 100.0
            }
        },
        "PF_avg": 210.26315789473685
    },
    "63239": {
        "name": "Rob Blake's Boys Club",
        "owner": "Sponge16",
        "wins": 14,
        "losses": 5,
        "PF": 3712.65,
        "playoff_odds": 99.99,
        "seeds": [
            6.54,
            27.64,
            26.24,
            25.92,
            10.96,
            2.69,
            0.01,
            0.0,
            0.0,
            0.0,
            0.0,
            0.0,
            0.0,
            0.0
        ],
        "records": {
            "2-0": {
                "made_playoffs": 61780,
                "total": 61780,
                "odds": 100.0
            },
            "1-1": {
                "made_playoffs": 33725,
                "total": 33725,
                "odds": 100.0
            },
            "0-2": {
                "made_playoffs": 4484,
                "total": 4495,
                "odds": 99.76
            }
        },
        "current_week": {
            "win": {
                "make_playoffs": 81061,
                "total": 81061,
                "odds": 100.0
            },
            "loss": {
                "make_playoffs": 18928,
                "total": 18939,
                "odds": 99.94
            }
        },
        "PF_avg": 195.40263157894736
    },
    "63611": {
        "name": "Dutch Defense",
        "owner": "Jorikke",
        "wins": 13,
        "losses": 6,
        "PF": 3938.8,
        "playoff_odds": 89.62,
        "seeds": [
            0.43,
            3.6,
            10.26,
            16.48,
            34.75,
            24.1,
            10.38,
            0.0,
            0.0,
            0.0,
            0.0,
            0.0,
            0.0,
            0.0
        ],
        "records": {
            "2-0": {
                "made_playoffs": 32170,
                "total": 32170,
                "odds": 100.0
            },
            "1-1": {
                "made_playoffs": 50487,
                "total": 50487,
                "odds": 100.0
            },
            "0-2": {
                "made_playoffs": 6965,
                "total": 17343,
                "odds": 40.16
            }
        },
        "current_week": {
            "win": {
                "make_playoffs": 66863,
                "total": 66863,
                "odds": 100.0
            },
            "loss": {
                "make_playoffs": 22759,
                "total": 33137,
                "odds": 68.68
            }
        },
        "PF_avg": 207.30526315789476
    },
    "63449": {
        "name": "Jack Hughes In the Box",
        "owner": "JSports",
        "wins": 13,
        "losses": 6,
        "PF": 3918.5,
        "playoff_odds": 94.94,
        "seeds": [
            0.32,
            2.69,
            6.88,
            10.92,
            25.62,
            48.5,
            5.06,
            0.0,
            0.0,
            0.0,
            0.0,
            0.0,
            0.0,
            0.0
        ],
        "records": {
            "2-0": {
                "made_playoffs": 21973,
                "total": 21973,
                "odds": 100.0
            },
            "1-1": {
                "made_playoffs": 49951,
                "total": 49951,
                "odds": 100.0
            },
            "0-2": {
                "made_playoffs": 23020,
                "total": 28076,
                "odds": 81.99
            }
        },
        "current_week": {
            "win": {
                "make_playoffs": 47035,
                "total": 47035,
                "odds": 100.0
            },
            "loss": {
                "make_playoffs": 47909,
                "total": 52965,
                "odds": 90.45
            }
        },
        "PF_avg": 206.23684210526315
    },
    "63237": {
        "name": "Old MacKinnon Had a Farm Team",
        "owner": "PZTZR",
        "wins": 12,
        "losses": 7,
        "PF": 3475.25,
        "playoff_odds": 15.45,
        "seeds": [
            0.0,
            0.0,
            0.0,
            0.0,
            3.52,
            11.92,
            73.57,
            10.67,
            0.31,
            0.0,
            0.0,
            0.0,
            0.0,
            0.0
        ],