{
    "63145": {
        "name": "Bong Horvat",
        "owner": "Haychan",
        "wins": 15,
        "losses": 4,
        "PF": 4291.4,
        "playoff_odds": 100.0,
        "seeds": [
            99.22,
            0.78,
            0.0,
            0.0,
            0.0,
            0.0,
            0.0,
            0.0,
            0.0,
            0.0,
            0.0,
            0.0,
            0.0,
            0.0
        ],
        "records": {
            "2-0": {
                "made_playoffs": 25019,
                "total": 25019,
                "odds": 100.0
            },
            "1-1": {
                "made_playoffs": 50014,
                "total": 50014,
                "odds": 100.0
            },
            "0-2": {
                "made_playoffs": 24967,
                "total": 24967,
                "odds": 100.0
            }
        },
        "current_week": {
            "win": {
                "make_playoffs": 49871,
                "total": 49871,
                "odds": 100.0
            },
            "loss": {
                "make_playoffs": 50129,
                "total": 50129,
                "odds": 100.0
            }
        },
        "PF_avg": 225.86315789473682
    },
    "63163": {
        "name": "Mackstreet Boys",
        "owner": "TheRealClaude",
        "wins": 13,
        "losses": 6,
        "PF": 4208.65,
        "playoff_odds": 100.0,
        "seeds": [
            0.78,
            83.36,
            13.45,
            2.41,
            0.0,
            0.0,
            0.0,
            0.0,
            0.0,
            0.0,
            0.0,
            0.0,
            0.0,
            0.0
        ],
        "records": {
            "2-0": {
                "made_playoffs": 24921,
                "total": 24921,
                "odds": 100.0
            },
            "1-1": {
                "made_playoffs": 49962,
                "total": 49962,
                "odds": 100.0
            },
            "0-2": {
                "made_playoffs": 25117,
                "total": 25117,
                "odds": 100.0
            }
        },
        "current_week": {
            "win": {
                "make_playoffs": 50020,
                "total": 50020,
                "odds": 100.0
            },
            "loss": {
                "make_playoffs": 49980,
                "total": 49980,
                "odds": 100.0
            }
        },
        "PF_avg": 221.50789473684208
    },
    "63155": {
        "name": "Rossi Balboa & co.",
        "owner": "DonPaita",
        "wins": 12,
        "losses": 7,
        "PF": 4149.65,
        "playoff_odds": 100.0,
        "seeds": [
            0.0,
            10.59,
            51.56,
            34.21,
            3.6,
            0.03,
            0.0,
            0.0,
            0.0,
            0.0,
            0.0,
            0.0,
            0.0,
            0.0
        ],
        "records": {
            "2-0": {
                "made_playoffs": 25055,
                "total": 25055,
                "odds": 100.0
            },
            "1-1": {
                "made_playoffs": 50018,
                "total": 50018,
                "odds": 100.0
            },
            "0-2": {
                "made_playoffs": 24927,
                "total": 24927,
                "odds": 100.0
            }
        },
        "current_week": {
            "win": {
                "make_playoffs": 50092,
                "total": 50092,
                "odds": 100.0
            },
            "loss": {
                "make_playoffs": 49908,
                "total": 49908,
                "odds": 100.0
            }
        },
        "PF_avg": 218.40263157894734
    },
    "63303": {
        "name": "Buenos Necas",
        "owner": "Jorikke",
        "wins": 12,
        "losses": 7,
        "PF": 4066.7,
        "playoff_odds": 100.0,
        "seeds": [
            0.0,
            5.27,
            31.83,
            50.34,
            12.14,
            0.42,
            0.0,
            0.0,
            0.0,
            0.0,
            0.0,
            0.0,
            0.0,
            0.0
        ],
        "records": {
            "2-0": {
                "made_playoffs": 24938,
                "total": 24938,
                "odds": 100.0
            },
            "1-1": {
                "made_playoffs": 50010,
                "total": 50010,
                "odds": 100.0
            },
            "0-2": {
                "made_playoffs": 25052,
                "total": 25052,
                "odds": 100.0
            }
        },
        "current_week": {
            "win": {
                "make_playoffs": 49896,
                "total": 49896,
                "odds": 100.0
            },
            "loss": {
                "make_playoffs": 50104,
                "total": 50104,
                "odds": 100.0
            }
        },
        "PF_avg": 214.03684210526316
    },
    "63141": {
        "name": "Bert and Erne",
        "owner": "Howe_U_Doin",
        "wins": 11,
        "losses": 8,
        "PF": 3785.9,
        "playoff_odds": 95.49,
        "seeds": [
            0.0,
            0.0,
            3.15,
            12.5,
            49.4,
            30.45,
            4.26,
            0.25,
            0.0,
            0.0,
            0.0,
            0.0,
            0.0,
            0.0
        ],
        "records": {
            "2-0": {
                "made_playoffs": 25078,
                "total": 25078,
                "odds": 100.0
            },
            "1-1": {
                "made_playoffs": 49834,
                "total": 49834,
                "odds": 100.0
            },
            "0-2": {
                "made_playoffs": 20576,
                "total": 25088,
                "odds": 82.02
            }
        },
        "current_week": {
            "win": {
                "make_playoffs": 49980,
                "total": 49980,
                "odds": 100.0
            },
            "loss": {
                "make_playoffs": 45508,
                "total": 50020,
                "odds": 90.98
            }
        },
        "PF_avg": 199.2578947368421
    },
    "63139": {
        "name": "O Brother, Where Art Ross?",
        "owner": "Khaki_Scout",
        "wins": 10,
        "losses": 9,
        "PF": 3987.45,
        "playoff_odds": 65.62,
        "seeds": [
            0.0,
            0.0,
            0.01,
            0.54,
            27.87,
            37.19,
            28.04,
            6.31,
            0.03,
            0.0,
            0.0,
            0.0,
            0.0,
            0.0
        ],
        "records": {
            "2-0": {
                "made_playoffs": 24822,
                "total": 24822,
                "odds": 100.0
            },
            "1-1": {
                "made_playoffs": 40797,
                "total": 50261,
                "odds": 81.17
            },
            "0-2": {
                "made_playoffs": 0,
                "total": 24917,
                "odds": 0.0
            }
        },
        "current_week": {
            "win": {
                "make_playoffs": 49939,
                "total": 49941,
                "odds": 100.0
            },
            "loss": {
                "make_playoffs": 15680,
                "total": 50059,
                "odds": 31.32
            }
        },
        "PF_avg": 209.8657894736842
    },
    "63384": {
        "name": "All Cats Are Beautiful",
        "owner": "ALittleLion",
        "wins": 10,
        "losses": 9,
        "PF": 3650.85,
        "playoff_odds": 35.03,
        "seeds": [
            0.0,
            0.0,
            0.0,
            0.0,
            6.76,
            28.26,
            34.51,
            18.05,
            9.63,
            2.62,
            0.15,
            0.0,
            0.0,
            0.0
        ],