{
    "63159": {
        "name": "Cow Tipping Mafia",
        "owner": "ImminentFate",
        "wins": 16,
        "losses": 3,
        "PF": 4273.3,
        "playoff_odds": 100.0,
        "seeds": [
            76.33,
            21.5,
            2.17,
            0.0,
            0.0,
            0.0,
            0.0,
            0.0,
            0.0,
            0.0,
            0.0,
            0.0,
            0.0,
            0.0
        ],
        "records": {
            "2-0": {
                "made_playoffs": 32963,
                "total": 32963,
                "odds": 100.0
            },
            "1-1": {
                "made_playoffs": 53067,
                "total": 53067,
                "odds": 100.0
            },
            "0-2": {
                "made_playoffs": 13970,
                "total": 13970,
                "odds": 100.0
            }
        },
        "current_week": {
            "win": {
                "make_playoffs": 44470,
                "total": 44470,
                "odds": 100.0
            },
            "loss": {
                "make_playoffs": 55530,
                "total": 55530,
                "odds": 100.0
            }
        },
        "PF_avg": 224.9105263157895
    },
    "63252": {
        "name": "Denim Chicken",
        "owner": "sleeptalkerz",
        "wins": 15,
        "losses": 4,
        "PF": 4266.95,
        "playoff_odds": 100.0,
        "seeds": [
            19.34,
            44.24,
            29.43,
            7.0,
            0.0,
            0.0,
            0.0,
            0.0,
            0.0,
            0.0,
            0.0,
            0.0,
            0.0,
            0.0
        ],
        "records": {
            "2-0": {
                "made_playoffs": 30575,
                "total": 30575,
                "odds": 100.0
            },
            "1-1": {
                "made_playoffs": 50458,
                "total": 50458,
                "odds": 100.0
            },
            "0-2": {
                "made_playoffs": 18967,
                "total": 18967,
                "odds": 100.0
            }
        },
        "current_week": {
            "win": {
                "make_playoffs": 63039,
                "total": 63039,
                "odds": 100.0
            },
            "loss": {
                "make_playoffs": 36961,
                "total": 36961,
                "odds": 100.0
            }
        },
        "PF_avg": 224.57631578947368
    },
    "63153": {
        "name": "Ogie Ogilthorpe",
        "owner": "marcram",
        "wins": 14,
        "losses": 5,
        "PF": 4308.6,
        "playoff_odds": 100.0,
        "seeds": [
            4.33,
            31.79,
            32.93,
            30.95,
            0.0,
            0.0,
            0.0,
            0.0,
            0.0,
            0.0,
            0.0,
            0.0,
            0.0,
            0.0
        ],
        "records": {
            "2-0": {
                "made_playoffs": 33242,
                "total": 33242,
                "odds": 100.0
            },
            "1-1": {
                "made_playoffs": 49536,
                "total": 49536,
                "odds": 100.0
            },
            "0-2": {
                "made_playoffs": 17222,
                "total": 17222,
                "odds": 100.0
            }
        },
        "current_week": {
            "win": {
                "make_playoffs": 64589,
                "total": 64589,
                "odds": 100.0
            },
            "loss": {
                "make_playoffs": 35411,
                "total": 35411,
                "odds": 100.0
            }
        },
        "PF_avg": 226.7684210526316
    },
    "63135": {
        "name": "tooslow",
        "owner": "tooproforyou",
        "wins": 13,
        "losses": 6,
        "PF": 4418.95,
        "playoff_odds": 100.0,
        "seeds": [
            0.0,
            2.47,
            35.48,
            62.06,
            0.0,
            0.0,
            0.0,
            0.0,
            0.0,
            0.0,
            0.0,
            0.0,
            0.0,
            0.0
        ],
        "records": {
            "2-0": {
                "made_playoffs": 37999,
                "total": 37999,
                "odds": 100.0
            },
            "1-1": {
                "made_playoffs": 47809,
                "total": 47809,
                "odds": 100.0
            },
            "0-2": {
                "made_playoffs": 14192,
                "total": 14192,
                "odds": 100.0
            }
        },
        "current_week": {
            "win": {
                "make_playoffs": 55530,
                "total": 55530,
                "odds": 100.0
            },
            "loss": {
                "make_playoffs": 44470,
                "total": 44470,
                "odds": 100.0
            }
        },
        "PF_avg": 232.57631578947368
    },
    "63232": {
        "name": "Divorced Guys",
        "owner": "bruceitup",
        "wins": 11,
        "losses": 8,
        "PF": 4044.85,
        "playoff_odds": 97.31,
        "seeds": [
            0.0,
            0.0,
            0.0,
            0.0,
            64.44,
            32.87,
            2.69,
            0.0,
            0.0,
            0.0,
            0.0,
            0.0,
            0.0,
            0.0
        ],
        "records": {
            "2-0": {
                "made_playoffs": 33865,
                "total": 33865,
                "odds": 100.0
            },
            "1-1": {
                "made_playoffs": 48480,
                "total": 48708,
                "odds": 99.53
            },
            "0-2": {
                "made_playoffs": 14970,
                "total": 17427,
                "odds": 85.9
            }
        },
        "current_week": {
            "win": {
                "make_playoffs": 59718,
                "total": 59847,
                "odds": 99.78
            },
            "loss": {
                "make_playoffs": 37597,
                "total": 40153,
                "odds": 93.63
            }
        },
        "PF_avg": 212.88684210526316
    },
    "63174": {
        "name": "Resting Mitch Face",
        "owner": "Rhyme-Thyme",
        "wins": 10,
        "losses": 9,
        "PF": 4147.85,
        "playoff_odds": 88.42,
        "seeds": [
            0.0,
            0.0,
            0.0,
            0.0,
            33.91,
            54.51,
            11.58,
            0.0,
            0.0,
            0.0,
            0.0,
            0.0,
            0.0,
            0.0
        ],
        "records": {
            "2-0": {
                "made_playoffs": 40368,
                "total": 40368,
                "odds": 100.0
            },
            "1-1": {
                "made_playoffs": 42839,
                "total": 47503,
                "odds": 90.18
            },
            "0-2": {
                "made_playoffs": 5211,
                "total": 12129,
                "odds": 42.96
            }
        },
        "current_week": {
            "win": {
                "make_playoffs": 69942,
                "total": 73252,
                "odds": 95.48
            },
            "loss": {
                "make_playoffs": 18476,
                "total": 26748,
                "odds": 69.07
            }
        },
        "PF_avg": 218.30789473684212
    },
    "63144": {
        "name": "D4 Bound",
        "owner": "slaw47",
        "wins": 10,
        "losses": 9,
        "PF": 3904.15,
        "playoff_odds": 14.27,
        "seeds": [
            0.0,
            0.0,
            0.0,
            0.0,
            1.65,
            12.62,
            81.09,
            4.64,
            0.0,
            0.0,
            0.0,
            0.0,
            0.0,
            0.0
        ],