{
    "63442": {
        "name": "Bitch Pigeons",
        "owner": "Echo354",
        "wins": 18,
        "losses": 1,
        "PF": 4120.4,
        "playoff_odds": 100.0,
        "seeds": [
            100.0,
            0.0,
            0.0,
            0.0,
            0.0,
            0.0,
            0.0,
            0.0,
            0.0,
            0.0,
            0.0,
            0.0,
            0.0,
            0.0
        ],
        "records": {
            "2-0": {
                "made_playoffs": 52811,
                "total": 52811,
                "odds": 100.0
            },
            "1-1": {
                "made_playoffs": 39725,
                "total": 39725,
                "odds": 100.0
            },
            "0-2": {
                "made_playoffs": 7464,
                "total": 7464,
                "odds": 100.0
            }
        },
        "current_week": {
            "win": {
                "make_playoffs": 72545,
                "total": 72545,
                "odds": 100.0
            },
            "loss": {
                "make_playoffs": 27455,
                "total": 27455,
                "odds": 100.0
            }
        },
        "PF_avg": 216.86315789473682
    },
    "63295": {
        "name": "Russian Machine Never Breaks",
        "owner": "firebug2",
        "wins": 14,
        "losses": 5,
        "PF": 3955.65,
        "playoff_odds": 100.0,
        "seeds": [
            0.0,
            70.34,
            29.55,
            0.1,
            0.0,
            0.0,
            0.0,
            0.0,
            0.0,
            0.0,
            0.0,
            0.0,
            0.0,
            0.0
        ],
        "records": {
            "2-0": {
                "made_playoffs": 42421,
                "total": 42421,
                "odds": 100.0
            },
            "1-1": {
                "made_playoffs": 46302,
                "total": 46302,
                "odds": 100.0
            },
            "0-2": {
                "made_playoffs": 11277,
                "total": 11277,
                "odds": 100.0
            }
        },
        "current_week": {
            "win": {
                "make_playoffs": 57622,
                "total": 57622,
                "odds": 100.0
            },
            "loss": {
                "make_playoffs": 42378,
                "total": 42378,
                "odds": 100.0
            }
        },
        "PF_avg": 208.1921052631579
    },
    "63591": {
        "name": "McDavid 0-2",
        "owner": "D0WNW4rD",
        "wins": 14,
        "losses": 5,
        "PF": 3819.65,
        "playoff_odds": 100.0,
        "seeds": [
            0.0,
            29.65,
            67.91,
            2.45,
            0.0,
            0.0,
            0.0,
            0.0,
            0.0,
            0.0,
            0.0,
            0.0,
            0.0,
            0.0
        ],
        "records": {
            "2-0": {
                "made_playoffs": 41508,
                "total": 41508,
                "odds": 100.0
            },
            "1-1": {
                "made_playoffs": 46074,
                "total": 46074,
                "odds": 100.0
            },
            "0-2": {
                "made_playoffs": 12418,
                "total": 12418,
                "odds": 100.0
            }
        },
        "current_week": {
            "win": {
                "make_playoffs": 68426,
                "total": 68426,
                "odds": 100.0
            },
            "loss": {
                "make_playoffs": 31574,
                "total": 31574,
                "odds": 100.0
            }
        },
        "PF_avg": 201.0342105263158
    },
    "63385": {
        "name": "Fuhr Sure Wins",
        "owner": "tom1251",
        "wins": 12,
        "losses": 7,
        "PF": 3744.9,
        "playoff_odds": 100.0,
        "seeds": [
            0.0,
            0.01,
            2.54,
            67.84,
            29.16,
            0.45,
            0.0,
            0.0,
            0.0,
            0.0,
            0.0,
            0.0,
            0.0,
            0.0
        ],
        "records": {
            "2-0": {
                "made_playoffs": 34576,
                "total": 34576,
                "odds": 100.0
            },
            "1-1": {
                "made_playoffs": 54778,
                "total": 54778,
                "odds": 100.0
            },
            "0-2": {
                "made_playoffs": 10646,
                "total": 10646,
                "odds": 100.0
            }
        },
        "current_week": {
            "win": {
                "make_playoffs": 42378,
                "total": 42378,
                "odds": 100.0
            },
            "loss": {
                "make_playoffs": 57622,
                "total": 57622,
                "odds": 100.0
            }
        },
        "PF_avg": 197.1
    },
    "63233": {
        "name": "Coffin Flop",
        "owner": "MSteve",
        "wins": 11,
        "losses": 8,
        "PF": 3805.35,
        "playoff_odds": 100.0,
        "seeds": [
            0.0,
            0.0,
            0.0,
            29.43,
            63.08,
            7.49,
            0.0,
            0.0,
            0.0,
            0.0,
            0.0,
            0.0,
            0.0,
            0.0
        ],
        "records": {
            "2-0": {
                "made_playoffs": 39357,
                "total": 39357,
                "odds": 100.0
            },
            "1-1": {
                "made_playoffs": 47264,
                "total": 47264,
                "odds": 100.0
            },
            "0-2": {
                "made_playoffs": 13379,
                "total": 13379,
                "odds": 100.0
            }
        },
        "current_week": {
            "win": {
                "make_playoffs": 68938,
                "total": 68938,
                "odds": 100.0
            },
            "loss": {
                "make_playoffs": 31062,
                "total": 31062,
                "odds": 100.0
            }
        },
        "PF_avg": 200.28157894736842
    },
    "63373": {
        "name": "Cacio e Pepe",
        "owner": "WalterRaleigh",
        "wins": 10,
        "losses": 9,
        "PF": 3607.4,
        "playoff_odds": 85.62,
        "seeds": [
            0.0,
            0.0,
            0.0,
            0.18,
            7.76,
            77.68,
            11.01,
            2.98,
            0.38,
            0.0,
            0.0,
            0.0,
            0.0,
            0.0
        ],
        "records": {
            "2-0": {
                "made_playoffs": 23893,
                "total": 23893,
                "odds": 100.0
            },
            "1-1": {
                "made_playoffs": 49874,
                "total": 50706,
                "odds": 98.36
            },
            "0-2": {
                "made_playoffs": 11857,
                "total": 25401,
                "odds": 46.68
            }
        },
        "current_week": {
            "win": {
                "make_playoffs": 55171,
                "total": 55532,
                "odds": 99.35
            },
            "loss": {
                "make_playoffs": 30453,
                "total": 44468,
                "odds": 68.48
            }
        },
        "PF_avg": 189.86315789473684
    },
    "63266": {
        "name": "A Raymond of Sunshine",
        "owner": "ToastedCacti",
        "wins": 9,
        "losses": 10,
        "PF": 3475.9,
        "playoff_odds": 4.61,
        "seeds": [
            0.0,
            0.0,
            0.0,
            0.0,
            0.0,
            4.61,
            32.29,
            27.56,
            20.1,
            12.14,
            3.29,
            0.0,
            0.0,
            0.0
        ],