{
    "63442": {
        "name": "Bitch Pigeons",
        "owner": "Echo354",
        "wins": 18,
        "losses": 1,
        "PF": 4120.4,
        "playoff_odds": 100.0,
        "seeds": [
            100.0,
            0.0,
            0.0,
            0.0,
            0.0,
            0.0,
            0.0,
            0.0,
            0.0,
            0.0,
            0.0,
            0.0,
            0.0,
            0.0
        ],
        "records": {
            "2-0": {
                "made_playoffs": 25066,
                "total": 25066,
                "odds": 100.0
            },
            "1-1": {
                "made_playoffs": 49753,
                "total": 49753,
                "odds": 100.0
            },
            "0-2": {
                "made_playoffs": 25181,
                "total": 25181,
                "odds": 100.0
            }
        },
        "current_week": {
            "win": {
                "make_playoffs": 49904,
                "total": 49904,
                "odds": 100.0
            },
            "loss": {
                "make_playoffs": 50096,
                "total": 50096,
                "odds": 100.0
            }
        },
        "PF_avg": 216.86315789473682
    },
    "63295": {
        "name": "Russian Machine Never Breaks",
        "owner": "firebug2",
        "wins": 14,
        "losses": 5,
        "PF": 3955.65,
        "playoff_odds": 100.0,
        "seeds": [
            0.0,
            67.75,
            32.24,
            0.02,
            0.0,
            0.0,
            0.0,
            0.0,
            0.0,
            0.0,
            0.0,
            0.0,
            0.0,
            0.0
        ],
        "records": {
            "2-0": {
                "made_playoffs": 24848,
                "total": 24848,
                "odds": 100.0
            },
            "1-1": {
                "made_playoffs": 50275,
                "total": 50275,
                "odds": 100.0
            },
            "0-2": {
                "made_playoffs": 24877,
                "total": 24877,
                "odds": 100.0
            }
        },
        "current_week": {
            "win": {
                "make_playoffs": 50184,
                "total": 50184,
                "odds": 100.0
            },
            "loss": {
                "make_playoffs": 49816,
                "total": 49816,
                "odds": 100.0
            }
        },
        "PF_avg": 208.1921052631579
    },
    "63591": {
        "name": "McDavid 0-2",
        "owner": "D0WNW4rD",
        "wins": 14,
        "losses": 5,
        "PF": 3819.65,
        "playoff_odds": 100.0,
        "seeds": [
            0.0,
            32.25,
            66.83,
            0.92,
            0.0,
            0.0,
            0.0,
            0.0,
            0.0,
            0.0,
            0.0,
            0.0,
            0.0,
            0.0
        ],
        "records": {
            "2-0": {
                "made_playoffs": 24910,
                "total": 24910,
                "odds": 100.0
            },
            "1-1": {
                "made_playoffs": 50150,
                "total": 50150,
                "odds": 100.0
            },
            "0-2": {
                "made_playoffs": 24940,
                "total": 24940,
                "odds": 100.0
            }
        },
        "current_week": {
            "win": {
                "make_playoffs": 50066,
                "total": 50066,
                "odds": 100.0
            },
            "loss": {
                "make_playoffs": 49934,
                "total": 49934,
                "odds": 100.0
            }
        },
        "PF_avg": 201.0342105263158
    },
    "63385": {
        "name": "Fuhr Sure Wins",
        "owner": "tom1251",
        "wins": 12,
        "losses": 7,
        "PF": 3744.9,
        "playoff_odds": 100.0,
        "seeds": [
            0.0,
            0.01,
            0.93,
            72.62,
            26.36,
            0.08,
            0.0,
            0.0,
            0.0,
            0.0,
            0.0,
            0.0,
            0.0,
            0.0
        ],
        "records": {
            "2-0": {
                "made_playoffs": 24611,
                "total": 24611,
                "odds": 100.0
            },
            "1-1": {
                "made_playoffs": 50321,
                "total": 50321,
                "odds": 100.0
            },
            "0-2": {
                "made_playoffs": 25068,
                "total": 25068,
                "odds": 100.0
            }
        },
        "current_week": {
            "win": {
                "make_playoffs": 49816,
                "total": 49816,
                "odds": 100.0
            },
            "loss": {
                "make_playoffs": 50184,
                "total": 50184,
                "odds": 100.0
            }
        },
        "PF_avg": 197.1
    },
    "63233": {
        "name": "Coffin Flop",
        "owner": "MSteve",
        "wins": 11,
        "losses": 8,
        "PF": 3805.35,
        "playoff_odds": 100.0,
        "seeds": [
            0.0,
            0.0,
            0.0,
            26.34,
            61.15,
            12.51,
            0.0,
            0.0,
            0.0,
            0.0,
            0.0,
            0.0,
            0.0,
            0.0
        ],
        "records": {
            "2-0": {
                "made_playoffs": 25069,
                "total": 25069,
                "odds": 100.0
            },
            "1-1": {
                "made_playoffs": 49937,
                "total": 49937,
                "odds": 100.0
            },
            "0-2": {
                "made_playoffs": 24993,
                "total": 24994,
                "odds": 100.0
            }
        },
        "current_week": {
            "win": {
                "make_playoffs": 49899,
                "total": 49899,
                "odds": 100.0
            },
            "loss": {
                "make_playoffs": 50100,
                "total": 50101,
                "odds": 100.0
            }
        },
        "PF_avg": 200.28157894736842
    },
    "63373": {
        "name": "Cacio e Pepe",
        "owner": "WalterRaleigh",
        "wins": 10,
        "losses": 9,
        "PF": 3607.4,
        "playoff_odds": 82.89,
        "seeds": [
            0.0,
            0.0,
            0.0,
            0.1,
            12.49,
            70.3,
            12.93,
            3.98,
            0.2,
            0.0,
            0.0,
            0.0,
            0.0,
            0.0
        ],
        "records": {
            "2-0": {
                "made_playoffs": 24863,
                "total": 24863,
                "odds": 100.0
            },
            "1-1": {
                "made_playoffs": 49449,
                "total": 50168,
                "odds": 98.57
            },
            "0-2": {
                "made_playoffs": 8573,
                "total": 24969,
                "odds": 34.33
            }
        },
        "current_week": {
            "win": {
                "make_playoffs": 49853,
                "total": 50070,
                "odds": 99.57
            },
            "loss": {
                "make_playoffs": 33032,
                "total": 49930,
                "odds": 66.16
            }
        },
        "PF_avg": 189.86315789473684
    },
    "63266": {
        "name": "A Raymond of Sunshine",
        "owner": "ToastedCacti",
        "wins": 9,
        "losses": 10,
        "PF": 3475.9,
        "playoff_odds": 5.47,
        "seeds": [
            0.0,
            0.0,
            0.0,
            0.0,
            0.0,
            5.47,
            37.68,
            26.36,
            17.39,
            9.85,
            3.26,
            0.0,
            0.0,
            0.0
        ],