{
    "63316": {
        "name": "How Are Ya Now?",
        "owner": "Thomsco",
        "wins": 14,
        "losses": 5,
        "PF": 4208.1,
        "playoff_odds": 100.0,
        "seeds": [
            84.59,
            8.24,
            5.17,
            1.89,
            0.11,
            0.0,
            0.0,
            0.0,
            0.0,
            0.0,
            0.0,
            0.0,
            0.0,
            0.0
        ],
        "records": {
            "2-0": {
                "made_playoffs": 33594,
                "total": 33594,
                "odds": 100.0
            },
            "1-1": {
                "made_playoffs": 48931,
                "total": 48931,
                "odds": 100.0
            },
            "0-2": {
                "made_playoffs": 17475,
                "total": 17475,
                "odds": 100.0
            }
        },
        "current_week": {
            "win": {
                "make_playoffs": 53594,
                "total": 53594,
                "odds": 100.0
            },
            "loss": {
                "make_playoffs": 46406,
                "total": 46406,
                "odds": 100.0
            }
        },
        "PF_avg": 221.47894736842107
    },
    "63590": {
        "name": "Tkachuky Fried Chicken",
        "owner": "RalJTK",
        "wins": 13,
        "losses": 6,
        "PF": 4090.35,
        "playoff_odds": 99.27,
        "seeds": [
            7.1,
            32.12,
            21.55,
            18.1,
            14.85,
            5.56,
            0.73,
            0.0,
            0.0,
            0.0,
            0.0,
            0.0,
            0.0,
            0.0
        ],
        "records": {
            "2-0": {
                "made_playoffs": 30253,
                "total": 30253,
                "odds": 100.0
            },
            "1-1": {
                "made_playoffs": 50229,
                "total": 50229,
                "odds": 100.0
            },
            "0-2": {
                "made_playoffs": 18791,
                "total": 19518,
                "odds": 96.28
            }
        },
        "current_week": {
            "win": {
                "make_playoffs": 61462,
                "total": 61462,
                "odds": 100.0
            },
            "loss": {
                "make_playoffs": 37811,
                "total": 38538,
                "odds": 98.11
            }
        },
        "PF_avg": 215.28157894736842
    },
    "63189": {
        "name": "Koplin",
        "owner": "koplin",
        "wins": 12,
        "losses": 7,
        "PF": 4176.4,
        "playoff_odds": 95.57,
        "seeds": [
            3.65,
            26.17,
            24.51,
            18.99,
            15.2,
            7.04,
            3.5,
            0.93,
            0.0,
            0.0,
            0.0,
            0.0,
            0.0,
            0.0
        ],
        "records": {
            "2-0": {
                "made_playoffs": 54232,
                "total": 54232,
                "odds": 100.0
            },
            "1-1": {
                "made_playoffs": 39690,
                "total": 40462,
                "odds": 98.09
            },
            "0-2": {
                "made_playoffs": 1652,
                "total": 5306,
                "odds": 31.13
            }
        },
        "current_week": {
            "win": {
                "make_playoffs": 63053,
                "total": 63053,
                "odds": 100.0
            },
            "loss": {
                "make_playoffs": 32521,
                "total": 36947,
                "odds": 88.02
            }
        },
        "PF_avg": 219.81052631578945
    },
    "63202": {
        "name": "Dionne Deez",
        "owner": "sburbine",
        "wins": 12,
        "losses": 7,
        "PF": 4168.05,
        "playoff_odds": 96.84,
        "seeds": [
            3.18,
            24.2,
            25.98,
            24.84,
            13.69,
            4.96,
            2.5,
            0.65,
            0.0,
            0.0,
            0.0,
            0.0,
            0.0,
            0.0
        ],
        "records": {
            "2-0": {
                "made_playoffs": 54962,
                "total": 54962,
                "odds": 100.0
            },
            "1-1": {
                "made_playoffs": 39613,
                "total": 39925,
                "odds": 99.22
            },
            "0-2": {
                "made_playoffs": 2270,
                "total": 5113,
                "odds": 44.4
            }
        },
        "current_week": {
            "win": {
                "make_playoffs": 85414,
                "total": 85647,
                "odds": 99.73
            },
            "loss": {
                "make_playoffs": 11431,
                "total": 14353,
                "odds": 79.64
            }
        },
        "PF_avg": 219.37105263157895
    },
    "63198": {
        "name": "Rittichulousness",
        "owner": "ckroyal92",
        "wins": 12,
        "losses": 7,
        "PF": 4105.6,
        "playoff_odds": 81.62,
        "seeds": [
            1.47,
            7.94,
            11.24,
            15.2,
            27.18,
            18.58,
            14.03,
            4.35,
            0.0,
            0.0,
            0.0,
            0.0,
            0.0,
            0.0
        ],
        "records": {
            "2-0": {
                "made_playoffs": 23529,
                "total": 23529,
                "odds": 100.0
            },
            "1-1": {
                "made_playoffs": 48956,
                "total": 50075,
                "odds": 97.77
            },
            "0-2": {
                "made_playoffs": 9133,
                "total": 26396,
                "odds": 34.6
            }
        },
        "current_week": {
            "win": {
                "make_playoffs": 45789,
                "total": 46406,
                "odds": 98.67
            },
            "loss": {
                "make_playoffs": 35829,
                "total": 53594,
                "odds": 66.85
            }
        },
        "PF_avg": 216.08421052631581
    },
    "63207": {
        "name": "Dumplers",
        "owner": "ShinyLeprechaun",
        "wins": 12,
        "losses": 7,
        "PF": 3863.5,
        "playoff_odds": 66.81,
        "seeds": [
            0.0,
            0.44,
            4.1,
            10.2,
            18.07,
            34.0,
            26.86,
            6.33,
            0.0,
            0.0,
            0.0,
            0.0,
            0.0,
            0.0
        ],
        "records": {
            "2-0": {
                "made_playoffs": 22065,
                "total": 22065,
                "odds": 100.0
            },
            "1-1": {
                "made_playoffs": 41124,
                "total": 51866,
                "odds": 79.29
            },
            "0-2": {
                "made_playoffs": 3624,
                "total": 26069,
                "odds": 13.9
            }
        },
        "current_week": {
            "win": {
                "make_playoffs": 50931,
                "total": 58521,
                "odds": 87.03
            },
            "loss": {
                "make_playoffs": 15882,
                "total": 41479,
                "odds": 38.29
            }
        },
        "PF_avg": 203.3421052631579
    },
    "63319": {
        "name": "Dumpster Fire Brigade",
        "owner": "stroopwafels",
        "wins": 12,
        "losses": 7,
        "PF": 3814.05,
        "playoff_odds": 53.59,
        "seeds": [
            0.0,
            0.9,
            7.45,
            10.76,
            10.01,
            24.47,
            39.36,
            7.05,
            0.0,
            0.0,
            0.0,
            0.0,
            0.0,
            0.0
        ],